id,store_id,quantity,store_id,quantity,store_id,quantity,store_id,quantity,store_id,quantity,store_id,quantity
77712913,bl_63733,0,bl_67722,0,bl_67883,0,bl_73273,0,bl_27589,0,bl_52598,0,bl_55473,0
98668423,bl_52598,0,bl_55473,0,bl_63733,0,bl_67722,0,bl_67883,0,bl_73273,0,bl_27589,61
83286689,bl_27589,0,bl_52598,0,bl_55473,0,bl_63733,0,bl_67722,0,bl_67883,0,bl_73273,0
93204712,bl_67722,0,bl_67883,0,bl_73273,0,bl_27589,0,bl_52598,0,bl_55473,2,bl_63733,0
115776058,bl_73273,0,bl_27589,0,bl_52598,0,bl_55473,0,bl_63733,0,bl_67722,0,bl_67883,0
84743633,bl_73273,0,bl_27589,0,bl_52598,0,bl_55473,1,bl_63733,0,bl_67722,0,bl_67883,0
110283911,bl_55473,0,bl_63733,0,bl_67722,0,bl_67883,0,bl_73273,0,bl_27589,0,bl_52598,0
131138319,bl_73273,0,bl_27589,5,bl_52598,0,bl_55473,0,bl_63733,0,bl_67722,0,bl_67883,0
94505699,bl_27589,0,bl_52598,0,bl_55473,2,bl_63733,0,bl_67722,0,bl_67883,0,bl_73273,0
59447741,bl_52598,0,bl_55473,0,bl_63733,0,bl_67722,0,bl_67883,0,bl_73273,0,bl_27589,13
70402575,bl_63733,0,bl_67722,0,bl_67883,0,bl_73273,0,bl_27589,0,bl_52598,0,bl_55473,0
88637806,bl_67883,0,bl_73273,0,bl_27589,0,bl_52598,0,bl_55473,0,bl_63733,0,bl_67722,0
131138169,bl_27589,0,bl_52598,0,bl_55473,0,bl_63733,0,bl_67722,0,bl_67883,0,bl_73273,0
66003298,bl_52598,0,bl_55473,2,bl_63733,0,bl_67722,0,bl_67883,0,bl_73273,0,bl_27589,0
107517087,bl_67883,0,bl_73273,0,bl_27589,0,bl_52598,0,bl_55473,0,bl_63733,0,bl_67722,0
107517100,bl_27589,47,bl_52598,0,bl_55473,136,bl_63733,0,bl_67722,0,bl_67883,0,bl_73273,0
124277626,bl_52598,0,bl_55473,0,bl_63733,0,bl_67722,0,bl_67883,0,bl_73273,0,bl_27589,7
77064984,bl_73273,0,bl_27589,0,bl_52598,0,bl_55473,0,bl_63733,0,bl_67722,0,bl_67883,0
66927155,bl_63733,87,bl_67722,0,bl_67883,5,bl_73273,0,bl_27589,18,bl_52598,0,bl_55473,4
70945321,bl_67722,0,bl_67883,0,bl_73273,0,bl_27589,0,bl_52598,0,bl_55473,0,bl_63733,0
165947690,bl_63733,0,bl_67722,0,bl_67883,1,bl_73273,0,bl_27589,0,bl_52598,0,bl_55473,0
61281949,bl_55473,104,bl_63733,0,bl_67722,0,bl_67883,0,bl_73273,0,bl_27589,2,bl_52598,0
122530572,bl_52598,0,bl_55473,0,bl_63733,0,bl_67722,0,bl_67883,0,bl_73273,0,bl_27589,17
94505693,bl_27589,0,bl_52598,0,bl_55473,18,bl_63733,0,bl_67722,0,bl_67883,0,bl_73273,0
95221405,bl_67883,0,bl_73273,0,bl_27589,55,bl_52598,0,bl_55473,0,bl_63733,0,bl_67722,0
103773937,bl_67883,0,bl_73273,0,bl_27589,5,bl_52598,0,bl_55473,12,bl_63733,0,bl_67722,0
122557421,bl_52598,0,bl_55473,2,bl_63733,0,bl_67722,0,bl_67883,0,bl_73273,0,bl_27589,0
124277268,bl_63733,0,bl_67722,0,bl_67883,0,bl_73273,0,bl_27589,0,bl_52598,0,bl_55473,0
63899190,bl_67722,0,bl_67883,0,bl_73273,0,bl_27589,9,bl_52598,0,bl_55473,45,bl_63733,0
184823237,bl_63733,0,bl_67722,0,bl_67883,0,bl_73273,0,bl_27589,8,bl_52598,0,bl_55473,0
56998591,bl_63733,0,bl_67722,0,bl_67883,0,bl_73273,0,bl_27589,4,bl_52598,0,bl_55473,1
66927198,bl_52598,0,bl_55473,0,bl_63733,0,bl_67722,0,bl_67883,0,bl_73273,0,bl_27589,0
70945319,bl_27589,0,bl_52598,0,bl_55473,0,bl_63733,0,bl_67722,0,bl_67883,0,bl_73273,0
83286681,bl_67722,0,bl_67883,0,bl_73273,0,bl_27589,0,bl_52598,0,bl_55473,0,bl_63733,0
117129712,bl_27589,2,bl_52598,0,bl_55473,0,bl_63733,0,bl_67722,0,bl_67883,0,bl_73273,0
118451561,bl_67722,0,bl_67883,0,bl_73273,0,bl_27589,8,bl_52598,0,bl_55473,0,bl_63733,0
124277252,bl_67722,0,bl_67883,0,bl_73273,0,bl_27589,0,bl_52598,0,bl_55473,0,bl_63733,0
59145548,bl_27589,5,bl_52598,0,bl_55473,2,bl_63733,0,bl_67722,0,bl_67883,0,bl_73273,0
93974196,bl_67722,0,bl_67883,1,bl_73273,0,bl_27589,0,bl_52598,0,bl_55473,0,bl_63733,0
103773943,bl_55473,4,bl_63733,0,bl_67722,0,bl_67883,0,bl_73273,0,bl_27589,0,bl_52598,0
175955346,bl_67722,0,bl_67883,0,bl_73273,0,bl_27589,0,bl_52598,0,bl_55473,0,bl_63733,0
118207877,bl_67722,0,bl_67883,0,bl_73273,0,bl_27589,0,bl_52598,0,bl_55473,0,bl_63733,0
81018153,bl_55473,0,bl_63733,0,bl_67722,0,bl_67883,0,bl_73273,0,bl_27589,0,bl_52598,0
175910637,bl_27589,2,bl_52598,0,bl_55473,0,bl_63733,0,bl_67722,0,bl_67883,0,bl_73273,0
74046326,bl_27589,0,bl_52598,0,bl_55473,3,bl_63733,0,bl_67722,0,bl_67883,0,bl_73273,0
88637813,bl_27589,1,bl_52598,0,bl_55473,0,bl_63733,0,bl_67722,0,bl_67883,0,bl_73273,0
166720287,bl_67883,0,bl_73273,0,bl_27589,5,bl_52598,0,bl_55473,0,bl_63733,0,bl_67722,0
122530570,bl_52598,0,bl_55473,0,bl_63733,0,bl_67722,0,bl_67883,0,bl_73273,0,bl_27589,0
67813195,bl_27589,0,bl_52598,0,bl_55473,0,bl_63733,0,bl_67722,0,bl_67883,0,bl_73273,0
114093322,bl_55473,0,bl_63733,0,bl_67722,0,bl_67883,0,bl_73273,0,bl_27589,2,bl_52598,0
95221663,bl_55473,0,bl_63733,0,bl_67722,0,bl_67883,0,bl_73273,0,bl_27589,0,bl_52598,0
122557398,bl_67722,0,bl_67883,0,bl_73273,0,bl_27589,0,bl_52598,0,bl_55473,1,bl_63733,0
84743529,bl_73273,0,bl_27589,0,bl_52598,0,bl_55473,0,bl_63733,0,bl_67722,0,bl_67883,0
106681167,bl_55473,3,bl_63733,0,bl_67722,0,bl_67883,0,bl_73273,0,bl_27589,1,bl_52598,0
56998606,bl_52598,0,bl_55473,1,bl_63733,0,bl_67722,0,bl_67883,0,bl_73273,0,bl_27589,0
59145581,bl_55473,0,bl_63733,0,bl_67722,0,bl_67883,0,bl_73273,0,bl_27589,0,bl_52598,0
118694392,bl_63733,0,bl_67722,0,bl_67883,0,bl_73273,0,bl_27589,3,bl_52598,0,bl_55473,18
184823258,bl_63733,0,bl_67722,0,bl_67883,0,bl_73273,0,bl_27589,0,bl_52598,0,bl_55473,0
56998572,bl_27589,0,bl_52598,0,bl_55473,0,bl_63733,0,bl_67722,0,bl_67883,0,bl_73273,0
124277326,bl_27589,5,bl_52598,0,bl_55473,0,bl_63733,0,bl_67722,0,bl_67883,0,bl_73273,0
81018099,bl_73273,0,bl_27589,132,bl_52598,0,bl_55473,0,bl_63733,0,bl_67722,0,bl_67883,0
103773925,bl_27589,0,bl_52598,0,bl_55473,4,bl_63733,0,bl_67722,0,bl_67883,0,bl_73273,0
70402581,bl_73273,0,bl_27589,24,bl_52598,0,bl_55473,1,bl_63733,0,bl_67722,0,bl_67883,0
117129673,bl_52598,0,bl_55473,0,bl_63733,0,bl_67722,0,bl_67883,0,bl_73273,0,bl_27589,41
131138440,bl_52598,0,bl_55473,0,bl_63733,0,bl_67722,0,bl_67883,0,bl_73273,0,bl_27589,2
73372314,bl_52598,0,bl_55473,0,bl_63733,0,bl_67722,0,bl_67883,0,bl_73273,0,bl_27589,0
84743588,bl_55473,0,bl_63733,0,bl_67722,0,bl_67883,0,bl_73273,0,bl_27589,0,bl_52598,0
91548519,bl_73273,0,bl_27589,11,bl_52598,0,bl_55473,0,bl_63733,0,bl_67722,0,bl_67883,0
131513950,bl_73273,0,bl_27589,6,bl_52598,0,bl_55473,85,bl_63733,0,bl_67722,0,bl_67883,0
98744716,bl_27589,18,bl_52598,0,bl_55473,0,bl_63733,0,bl_67722,0,bl_67883,0,bl_73273,0
111470263,bl_52598,0,bl_55473,5,bl_63733,0,bl_67722,0,bl_67883,0,bl_73273,0,bl_27589,6
74046331,bl_52598,0,bl_55473,1,bl_63733,0,bl_67722,0,bl_67883,0,bl_73273,0,bl_27589,0
122530562,bl_67722,0,bl_67883,0,bl_73273,0,bl_27589,10,bl_52598,0,bl_55473,0,bl_63733,0
120493710,bl_73273,0,bl_27589,2,bl_52598,0,bl_55473,0,bl_63733,0,bl_67722,0,bl_67883,0
66927075,bl_63733,0,bl_67722,0,bl_67883,0,bl_73273,0,bl_27589,0,bl_52598,0,bl_55473,0
73372289,bl_52598,0,bl_55473,6,bl_63733,0,bl_67722,0,bl_67883,0,bl_73273,0,bl_27589,0
81741288,bl_63733,0,bl_67722,0,bl_67883,0,bl_73273,0,bl_27589,1,bl_52598,0,bl_55473,0
117129684,bl_73273,0,bl_27589,11,bl_52598,0,bl_55473,0,bl_63733,0,bl_67722,0,bl_67883,0
90167256,bl_55473,0,bl_63733,0,bl_67722,0,bl_67883,0,bl_73273,0,bl_27589,4,bl_52598,0
93974184,bl_27589,0,bl_52598,0,bl_55473,1,bl_63733,0,bl_67722,0,bl_67883,0,bl_73273,0
114093316,bl_67883,0,bl_73273,0,bl_27589,0,bl_52598,0,bl_55473,0,bl_63733,0,bl_67722,0
96107465,bl_55473,0,bl_63733,0,bl_67722,0,bl_67883,0,bl_73273,0,bl_27589,0,bl_52598,0
206930884,bl_63733,0,bl_67722,0,bl_67883,0,bl_73273,0,bl_27589,2,bl_52598,0,bl_55473,0
89157858,bl_67883,0,bl_73273,0,bl_27589,1,bl_52598,0,bl_55473,0,bl_63733,0,bl_67722,0
117129694,bl_63733,0,bl_67722,0,bl_67883,0,bl_73273,0,bl_27589,36,bl_52598,0,bl_55473,180
165947651,bl_73273,0,bl_27589,2,bl_52598,0,bl_55473,0,bl_63733,0,bl_67722,0,bl_67883,0
74046345,bl_27589,0,bl_52598,0,bl_55473,0,bl_63733,0,bl_67722,0,bl_67883,0,bl_73273,0
70768536,bl_27589,0,bl_52598,0,bl_55473,0,bl_63733,0,bl_67722,0,bl_67883,0,bl_73273,0
175955355,bl_52598,0,bl_55473,0,bl_63733,0,bl_67722,0,bl_67883,0,bl_73273,0,bl_27589,2
99853751,bl_67883,0,bl_73273,0,bl_27589,3,bl_52598,0,bl_55473,0,bl_63733,0,bl_67722,0
114093318,bl_27589,0,bl_52598,0,bl_55473,0,bl_63733,0,bl_67722,0,bl_67883,0,bl_73273,0
66003271,bl_55473,0,bl_63733,0,bl_67722,0,bl_67883,0,bl_73273,0,bl_27589,26,bl_52598,0
70402599,bl_67722,0,bl_67883,0,bl_73273,0,bl_27589,2,bl_52598,0,bl_55473,0,bl_63733,0
98668424,bl_55473,0,bl_63733,0,bl_67722,0,bl_67883,0,bl_73273,0,bl_27589,164,bl_52598,0
107516992,bl_27589,0,bl_52598,0,bl_55473,0,bl_63733,0,bl_67722,0,bl_67883,0,bl_73273,0
64299473,bl_27589,38,bl_52598,0,bl_55473,0,bl_63733,0,bl_67722,0,bl_67883,0,bl_73273,0
88637818,bl_55473,0,bl_63733,0,bl_67722,0,bl_67883,0,bl_73273,0,bl_27589,46,bl_52598,0
59145540,bl_67722,0,bl_67883,0,bl_73273,0,bl_27589,0,bl_52598,0,bl_55473,0,bl_63733,0
74046337,bl_55473,1,bl_63733,0,bl_67722,0,bl_67883,0,bl_73273,0,bl_27589,1,bl_52598,0
119215900,bl_67722,0,bl_67883,0,bl_73273,0,bl_27589,92,bl_52598,0,bl_55473,0,bl_63733,0
56998604,bl_27589,4,bl_52598,0,bl_55473,0,bl_63733,0,bl_67722,0,bl_67883,0,bl_73273,0
89157846,bl_67722,0,bl_67883,0,bl_73273,0,bl_27589,0,bl_52598,0,bl_55473,0,bl_63733,0
128767035,bl_67722,0,bl_67883,0,bl_73273,0,bl_27589,11,bl_52598,0,bl_55473,10,bl_63733,0
103773881,bl_63733,0,bl_67722,0,bl_67883,0,bl_73273,0,bl_27589,43,bl_52598,0,bl_55473,49
84743514,bl_67883,0,bl_73273,0,bl_27589,0,bl_52598,0,bl_55473,0,bl_63733,0,bl_67722,0
114541955,bl_27589,8,bl_52598,0,bl_55473,10,bl_63733,0,bl_67722,0,bl_67883,0,bl_73273,0
70402586,bl_67883,0,bl_73273,0,bl_27589,9,bl_52598,0,bl_55473,0,bl_63733,0,bl_67722,0
93974189,bl_63733,0,bl_67722,0,bl_67883,0,bl_73273,0,bl_27589,1,bl_52598,0,bl_55473,0
73372383,bl_67722,0,bl_67883,0,bl_73273,0,bl_27589,0,bl_52598,0,bl_55473,0,bl_63733,0
111470386,bl_55473,0,bl_63733,0,bl_67722,0,bl_67883,0,bl_73273,0,bl_27589,4,bl_52598,0
70945322,bl_27589,0,bl_52598,0,bl_55473,6,bl_63733,0,bl_67722,0,bl_67883,0,bl_73273,0
64977648,bl_73273,0,bl_27589,14,bl_52598,0,bl_55473,0,bl_63733,0,bl_67722,0,bl_67883,0
76041703,bl_52598,0,bl_55473,12,bl_63733,0,bl_67722,0,bl_67883,0,bl_73273,0,bl_27589,9
118977644,bl_63733,0,bl_67722,0,bl_67883,0,bl_73273,0,bl_27589,36,bl_52598,0,bl_55473,0
90009967,bl_73273,0,bl_27589,2,bl_52598,0,bl_55473,0,bl_63733,0,bl_67722,0,bl_67883,0
56998571,bl_52598,0,bl_55473,0,bl_63733,0,bl_67722,0,bl_67883,0,bl_73273,0,bl_27589,0
95538078,bl_52598,0,bl_55473,4,bl_63733,0,bl_67722,0,bl_67883,0,bl_73273,0,bl_27589,0
165947765,bl_67883,0,bl_73273,0,bl_27589,0,bl_52598,0,bl_55473,0,bl_63733,0,bl_67722,0
92583784,bl_52598,0,bl_55473,200,bl_63733,0,bl_67722,0,bl_67883,0,bl_73273,0,bl_27589,128
117129709,bl_52598,0,bl_55473,0,bl_63733,0,bl_67722,0,bl_67883,0,bl_73273,0,bl_27589,0
56998566,bl_27589,0,bl_52598,0,bl_55473,1,bl_63733,0,bl_67722,0,bl_67883,0,bl_73273,0
165947779,bl_52598,0,bl_55473,0,bl_63733,0,bl_67722,0,bl_67883,0,bl_73273,0,bl_27589,0
88637808,bl_67883,0,bl_73273,0,bl_27589,0,bl_52598,0,bl_55473,0,bl_63733,0,bl_67722,0
165947701,bl_27589,2,bl_52598,0,bl_55473,0,bl_63733,0,bl_67722,0,bl_67883,0,bl_73273,0
149372232,bl_67722,0,bl_67883,0,bl_73273,0,bl_27589,6,bl_52598,0,bl_55473,1,bl_63733,0
122530565,bl_67883,0,bl_73273,0,bl_27589,0,bl_52598,0,bl_55473,1,bl_63733,0,bl_67722,0
184823225,bl_67883,0,bl_73273,0,bl_27589,4,bl_52598,0,bl_55473,0,bl_63733,0,bl_67722,0
74046352,bl_27589,0,bl_52598,0,bl_55473,0,bl_63733,0,bl_67722,0,bl_67883,0,bl_73273,0
76041671,bl_55473,0,bl_63733,0,bl_67722,0,bl_67883,0,bl_73273,0,bl_27589,0,bl_52598,0
103773874,bl_63733,0,bl_67722,0,bl_67883,0,bl_73273,0,bl_27589,0,bl_52598,0,bl_55473,0
74559085,bl_55473,0,bl_63733,0,bl_67722,0,bl_67883,0,bl_73273,0,bl_27589,0,bl_52598,0
88637790,bl_67722,0,bl_67883,0,bl_73273,0,bl_27589,0,bl_52598,0,bl_55473,0,bl_63733,0
118207915,bl_67883,0,bl_73273,0,bl_27589,30,bl_52598,0,bl_55473,70,bl_63733,0,bl_67722,0
120493727,bl_73273,0,bl_27589,0,bl_52598,0,bl_55473,0,bl_63733,0,bl_67722,0,bl_67883,0
73372355,bl_52598,0,bl_55473,0,bl_63733,0,bl_67722,0,bl_67883,0,bl_73273,0,bl_27589,0
63893183,bl_67722,0,bl_67883,0,bl_73273,0,bl_27589,0,bl_52598,0,bl_55473,0,bl_63733,0
67194357,bl_27589,0,bl_52598,0,bl_55473,0,bl_63733,0,bl_67722,0,bl_67883,0,bl_73273,0
110283905,bl_67722,0,bl_67883,0,bl_73273,0,bl_27589,0,bl_52598,0,bl_55473,0,bl_63733,0
107516972,bl_52598,0,bl_55473,0,bl_63733,0,bl_67722,0,bl_67883,0,bl_73273,0,bl_27589,0
110283865,bl_27589,2,bl_52598,0,bl_55473,0,bl_63733,0,bl_67722,0,bl_67883,0,bl_73273,0
117129695,bl_27589,0,bl_52598,0,bl_55473,77,bl_63733,0,bl_67722,0,bl_67883,0,bl_73273,0
96107484,bl_55473,0,bl_63733,0,bl_67722,0,bl_67883,0,bl_73273,0,bl_27589,0,bl_52598,0
97631193,bl_55473,2,bl_63733,0,bl_67722,0,bl_67883,0,bl_73273,0,bl_27589,3,bl_52598,0
96510153,bl_73273,0,bl_27589,4,bl_52598,0,bl_55473,0,bl_63733,0,bl_67722,0,bl_67883,0
117129688,bl_52598,0,bl_55473,0,bl_63733,0,bl_67722,0,bl_67883,0,bl_73273,0,bl_27589,19
110283872,bl_52598,0,bl_55473,0,bl_63733,0,bl_67722,0,bl_67883,0,bl_73273,0,bl_27589,0
118977595,bl_27589,13,bl_52598,0,bl_55473,0,bl_63733,0,bl_67722,0,bl_67883,0,bl_73273,0
122530566,bl_63733,0,bl_67722,0,bl_67883,0,bl_73273,0,bl_27589,0,bl_52598,0,bl_55473,0
124277548,bl_52598,0,bl_55473,0,bl_63733,0,bl_67722,0,bl_67883,0,bl_73273,0,bl_27589,1
90009954,bl_55473,0,bl_63733,0,bl_67722,0,bl_67883,0,bl_73273,0,bl_27589,21,bl_52598,0
95221424,bl_63733,0,bl_67722,0,bl_67883,0,bl_73273,0,bl_27589,19,bl_52598,0,bl_55473,0
63899188,bl_67883,0,bl_73273,0,bl_27589,0,bl_52598,0,bl_55473,27,bl_63733,0,bl_67722,0
84743606,bl_55473,0,bl_63733,0,bl_67722,0,bl_67883,0,bl_73273,0,bl_27589,0,bl_52598,0
73372259,bl_67883,0,bl_73273,0,bl_27589,0,bl_52598,0,bl_55473,6,bl_63733,0,bl_67722,0
110283847,bl_67883,0,bl_73273,0,bl_27589,0,bl_52598,0,bl_55473,19,bl_63733,0,bl_67722,0
91548522,bl_63733,0,bl_67722,0,bl_67883,0,bl_73273,0,bl_27589,6,bl_52598,0,bl_55473,19
117129693,bl_67722,0,bl_67883,0,bl_73273,0,bl_27589,34,bl_52598,0,bl_55473,0,bl_63733,0
118694394,bl_67722,0,bl_67883,0,bl_73273,0,bl_27589,5,bl_52598,0,bl_55473,16,bl_63733,0
77712946,bl_73273,0,bl_27589,0,bl_52598,0,bl_55473,1,bl_63733,0,bl_67722,0,bl_67883,0
63868195,bl_27589,0,bl_52598,0,bl_55473,0,bl_63733,0,bl_67722,0,bl_67883,0,bl_73273,0
131138206,bl_55473,0,bl_63733,0,bl_67722,0,bl_67883,0,bl_73273,0,bl_27589,0,bl_52598,0
88637796,bl_27589,0,bl_52598,0,bl_55473,0,bl_63733,0,bl_67722,0,bl_67883,0,bl_73273,0
108783725,bl_52598,0,bl_55473,0,bl_63733,0,bl_67722,0,bl_67883,0,bl_73273,0,bl_27589,8
84743600,bl_55473,0,bl_63733,0,bl_67722,0,bl_67883,0,bl_73273,0,bl_27589,0,bl_52598,0
117129667,bl_67722,0,bl_67883,0,bl_73273,0,bl_27589,0,bl_52598,0,bl_55473,0,bl_63733,0
149372051,bl_67883,0,bl_73273,0,bl_27589,9,bl_52598,0,bl_55473,1,bl_63733,0,bl_67722,0
63868338,bl_67722,0,bl_67883,3,bl_73273,0,bl_27589,12926,bl_52598,0,bl_55473,13,bl_63733,0
85107071,bl_27589,0,bl_52598,0,bl_55473,49,bl_63733,0,bl_67722,0,bl_67883,0,bl_73273,0
95221418,bl_73273,0,bl_27589,41,bl_52598,0,bl_55473,2,bl_63733,0,bl_67722,0,bl_67883,0
94505696,bl_55473,20,bl_63733,0,bl_67722,0,bl_67883,0,bl_73273,0,bl_27589,0,bl_52598,0
83286653,bl_55473,0,bl_63733,0,bl_67722,0,bl_67883,0,bl_73273,0,bl_27589,0,bl_52598,0
81018107,bl_67883,0,bl_73273,0,bl_27589,5,bl_52598,0,bl_55473,3,bl_63733,0,bl_67722,0
107517115,bl_27589,80,bl_52598,0,bl_55473,812,bl_63733,0,bl_67722,0,bl_67883,0,bl_73273,0
122557400,bl_27589,8,bl_52598,0,bl_55473,0,bl_63733,0,bl_67722,0,bl_67883,0,bl_73273,0
77712938,bl_67722,0,bl_67883,0,bl_73273,0,bl_27589,0,bl_52598,0,bl_55473,0,bl_63733,0
125475774,bl_63733,0,bl_67722,0,bl_67883,0,bl_73273,0,bl_27589,2,bl_52598,0,bl_55473,0
84458351,bl_73273,0,bl_27589,0,bl_52598,0,bl_55473,0,bl_63733,0,bl_67722,0,bl_67883,0
60062807,bl_73273,0,bl_27589,0,bl_52598,0,bl_55473,0,bl_63733,0,bl_67722,0,bl_67883,0
59447730,bl_67883,0,bl_73273,0,bl_27589,11,bl_52598,0,bl_55473,0,bl_63733,0,bl_67722,0
81018164,bl_63733,0,bl_67722,0,bl_67883,0,bl_73273,0,bl_27589,0,bl_52598,0,bl_55473,0
108783630,bl_67883,0,bl_73273,0,bl_27589,0,bl_52598,0,bl_55473,0,bl_63733,0,bl_67722,0
66003286,bl_63733,0,bl_67722,0,bl_67883,0,bl_73273,0,bl_27589,0,bl_52598,0,bl_55473,1
76041687,bl_27589,4,bl_52598,0,bl_55473,0,bl_63733,0,bl_67722,0,bl_67883,0,bl_73273,0
73372175,bl_27589,0,bl_52598,0,bl_55473,0,bl_63733,0,bl_67722,0,bl_67883,0,bl_73273,0
150155512,bl_27589,0,bl_52598,0,bl_55473,1,bl_63733,0,bl_67722,0,bl_67883,0,bl_73273,0
118694395,bl_67883,0,bl_73273,0,bl_27589,38,bl_52598,0,bl_55473,0,bl_63733,0,bl_67722,0
122557415,bl_63733,0,bl_67722,0,bl_67883,0,bl_73273,0,bl_27589,0,bl_52598,0,bl_55473,1
94505689,bl_67883,0,bl_73273,0,bl_27589,2,bl_52598,0,bl_55473,3,bl_63733,0,bl_67722,0
90009977,bl_27589,66,bl_52598,0,bl_55473,9,bl_63733,0,bl_67722,0,bl_67883,0,bl_73273,0
66759435,bl_67722,0,bl_67883,0,bl_73273,0,bl_27589,0,bl_52598,0,bl_55473,0,bl_63733,0
66003169,bl_63733,0,bl_67722,0,bl_67883,0,bl_73273,0,bl_27589,0,bl_52598,0,bl_55473,0
124748700,bl_67722,0,bl_67883,0,bl_73273,0,bl_27589,0,bl_52598,0,bl_55473,39,bl_63733,0
122530575,bl_67722,0,bl_67883,0,bl_73273,0,bl_27589,0,bl_52598,0,bl_55473,0,bl_63733,0
64977717,bl_52598,0,bl_55473,29,bl_63733,0,bl_67722,0,bl_67883,0,bl_73273,0,bl_27589,1
63868287,bl_27589,0,bl_52598,0,bl_55473,0,bl_63733,0,bl_67722,0,bl_67883,0,bl_73273,0
66003255,bl_52598,0,bl_55473,1,bl_63733,0,bl_67722,0,bl_67883,0,bl_73273,0,bl_27589,94
118207771,bl_27589,15,bl_52598,0,bl_55473,9,bl_63733,0,bl_67722,0,bl_67883,0,bl_73273,0
73372402,bl_73273,0,bl_27589,0,bl_52598,0,bl_55473,0,bl_63733,0,bl_67722,0,bl_67883,0
83286609,bl_52598,0,bl_55473,0,bl_63733,0,bl_67722,0,bl_67883,0,bl_73273,0,bl_27589,0
90009944,bl_55473,0,bl_63733,0,bl_67722,0,bl_67883,0,bl_73273,0,bl_27589,0,bl_52598,0
117129710,bl_67883,0,bl_73273,0,bl_27589,2,bl_52598,0,bl_55473,0,bl_63733,0,bl_67722,0
118451565,bl_27589,0,bl_52598,0,bl_55473,0,bl_63733,0,bl_67722,0,bl_67883,0,bl_73273,0
120101314,bl_67883,0,bl_73273,0,bl_27589,9,bl_52598,0,bl_55473,0,bl_63733,0,bl_67722,0
93974182,bl_27589,0,bl_52598,0,bl_55473,0,bl_63733,0,bl_67722,0,bl_67883,0,bl_73273,0
117129676,bl_52598,0,bl_55473,0,bl_63733,0,bl_67722,0,bl_67883,0,bl_73273,0,bl_27589,204
84743652,bl_67883,0,bl_73273,0,bl_27589,0,bl_52598,0,bl_55473,0,bl_63733,0,bl_67722,0
89157840,bl_67722,0,bl_67883,0,bl_73273,0,bl_27589,0,bl_52598,0,bl_55473,0,bl_63733,0
93974185,bl_27589,7,bl_52598,0,bl_55473,0,bl_63733,0,bl_67722,0,bl_67883,0,bl_73273,0
118207849,bl_55473,0,bl_63733,0,bl_67722,0,bl_67883,0,bl_73273,0,bl_27589,11,bl_52598,0
96107502,bl_55473,0,bl_63733,0,bl_67722,0,bl_67883,0,bl_73273,0,bl_27589,0,bl_52598,0
123350168,bl_27589,4,bl_52598,0,bl_55473,0,bl_63733,0,bl_67722,0,bl_67883,0,bl_73273,0
111470428,bl_55473,0,bl_63733,0,bl_67722,0,bl_67883,0,bl_73273,0,bl_27589,0,bl_52598,0
66927230,bl_63733,0,bl_67722,0,bl_67883,0,bl_73273,0,bl_27589,0,bl_52598,0,bl_55473,0
118207952,bl_67883,0,bl_73273,0,bl_27589,2,bl_52598,0,bl_55473,0,bl_63733,0,bl_67722,0
175955361,bl_27589,0,bl_52598,0,bl_55473,0,bl_63733,0,bl_67722,0,bl_67883,0,bl_73273,0
80992431,bl_52598,0,bl_55473,0,bl_63733,0,bl_67722,0,bl_67883,0,bl_73273,0,bl_27589,0
83286631,bl_27589,0,bl_52598,0,bl_55473,0,bl_63733,0,bl_67722,0,bl_67883,0,bl_73273,0
115776094,bl_67722,0,bl_67883,0,bl_73273,0,bl_27589,3,bl_52598,0,bl_55473,0,bl_63733,0
63868245,bl_55473,0,bl_63733,0,bl_67722,0,bl_67883,0,bl_73273,0,bl_27589,0,bl_52598,0
186019843,bl_52598,0,bl_55473,0,bl_63733,0,bl_67722,0,bl_67883,0,bl_73273,0,bl_27589,0
144208694,bl_63733,0,bl_67722,0,bl_67883,0,bl_73273,0,bl_27589,0,bl_52598,0,bl_55473,1
118451559,bl_67883,0,bl_73273,0,bl_27589,0,bl_52598,0,bl_55473,0,bl_63733,0,bl_67722,0
59145559,bl_67883,0,bl_73273,0,bl_27589,89,bl_52598,0,bl_55473,0,bl_63733,0,bl_67722,0
70402597,bl_67883,0,bl_73273,0,bl_27589,0,bl_52598,0,bl_55473,0,bl_63733,0,bl_67722,0
107517137,bl_27589,980,bl_52598,0,bl_55473,0,bl_63733,0,bl_67722,0,bl_67883,0,bl_73273,0
111470412,bl_63733,130,bl_67722,0,bl_67883,0,bl_73273,0,bl_27589,65,bl_52598,0,bl_55473,0
175910450,bl_27589,0,bl_52598,0,bl_55473,0,bl_63733,0,bl_67722,0,bl_67883,0,bl_73273,0
184823223,bl_63733,0,bl_67722,0,bl_67883,0,bl_73273,0,bl_27589,10,bl_52598,0,bl_55473,0
53433897,bl_73273,0,bl_27589,37,bl_52598,0,bl_55473,0,bl_63733,0,bl_67722,0,bl_67883,0
63893194,bl_67722,0,bl_67883,0,bl_73273,0,bl_27589,0,bl_52598,0,bl_55473,0,bl_63733,0
118694388,bl_27589,12,bl_52598,0,bl_55473,0,bl_63733,0,bl_67722,0,bl_67883,0,bl_73273,0
96107510,bl_27589,2,bl_52598,0,bl_55473,8,bl_63733,0,bl_67722,0,bl_67883,0,bl_73273,0
66003186,bl_27589,162,bl_52598,9,bl_55473,1,bl_63733,0,bl_67722,0,bl_67883,0,bl_73273,0
164592753,bl_27589,0,bl_52598,0,bl_55473,0,bl_63733,0,bl_67722,0,bl_67883,0,bl_73273,0
117129705,bl_73273,0,bl_27589,4,bl_52598,0,bl_55473,0,bl_63733,0,bl_67722,0,bl_67883,0
81448363,bl_27589,7,bl_52598,0,bl_55473,0,bl_63733,0,bl_67722,0,bl_67883,0,bl_73273,0
61281962,bl_67722,0,bl_67883,0,bl_73273,0,bl_27589,2,bl_52598,0,bl_55473,0,bl_63733,0
81018095,bl_67883,0,bl_73273,0,bl_27589,8,bl_52598,0,bl_55473,9,bl_63733,0,bl_67722,0
94982057,bl_67722,0,bl_67883,0,bl_73273,0,bl_27589,0,bl_52598,0,bl_55473,0,bl_63733,0
96107533,bl_52598,0,bl_55473,0,bl_63733,0,bl_67722,0,bl_67883,0,bl_73273,0,bl_27589,0
117129658,bl_67722,0,bl_67883,0,bl_73273,0,bl_27589,2,bl_52598,0,bl_55473,0,bl_63733,0
122557402,bl_67883,0,bl_73273,0,bl_27589,0,bl_52598,0,bl_55473,0,bl_63733,0,bl_67722,0
56998585,bl_27589,0,bl_52598,0,bl_55473,0,bl_63733,0,bl_67722,0,bl_67883,0,bl_73273,0
73372234,bl_67722,0,bl_67883,0,bl_73273,0,bl_27589,0,bl_52598,0,bl_55473,7,bl_63733,0
131138217,bl_63733,0,bl_67722,0,bl_67883,0,bl_73273,0,bl_27589,0,bl_52598,0,bl_55473,0
128766990,bl_55473,0,bl_63733,0,bl_67722,0,bl_67883,0,bl_73273,0,bl_27589,0,bl_52598,0
124277528,bl_52598,0,bl_55473,0,bl_63733,0,bl_67722,0,bl_67883,0,bl_73273,0,bl_27589,10
73372309,bl_67883,0,bl_73273,0,bl_27589,0,bl_52598,0,bl_55473,0,bl_63733,0,bl_67722,0
74046329,bl_67883,0,bl_73273,0,bl_27589,1,bl_52598,0,bl_55473,2,bl_63733,0,bl_67722,0
81018168,bl_27589,34,bl_52598,0,bl_55473,84,bl_63733,0,bl_67722,0,bl_67883,1,bl_73273,0
56998600,bl_55473,0,bl_63733,0,bl_67722,0,bl_67883,0,bl_73273,0,bl_27589,0,bl_52598,0
118694391,bl_63733,0,bl_67722,0,bl_67883,0,bl_73273,0,bl_27589,0,bl_52598,0,bl_55473,0
81018199,bl_67722,0,bl_67883,0,bl_73273,0,bl_27589,0,bl_52598,0,bl_55473,0,bl_63733,0
165947602,bl_27589,2,bl_52598,0,bl_55473,0,bl_63733,0,bl_67722,0,bl_67883,0,bl_73273,0
95537974,bl_63733,0,bl_67722,0,bl_67883,0,bl_73273,0,bl_27589,0,bl_52598,0,bl_55473,0
107516946,bl_52598,0,bl_55473,10,bl_63733,0,bl_67722,0,bl_67883,0,bl_73273,0,bl_27589,0
81018185,bl_27589,0,bl_52598,0,bl_55473,2,bl_63733,0,bl_67722,0,bl_67883,0,bl_73273,0
93974188,bl_52598,0,bl_55473,0,bl_63733,0,bl_67722,0,bl_67883,0,bl_73273,0,bl_27589,1
118207857,bl_27589,0,bl_52598,0,bl_55473,0,bl_63733,0,bl_67722,0,bl_67883,0,bl_73273,0
64977702,bl_52598,0,bl_55473,50,bl_63733,0,bl_67722,0,bl_67883,0,bl_73273,0,bl_27589,1
66003291,bl_55473,0,bl_63733,0,bl_67722,0,bl_67883,0,bl_73273,0,bl_27589,20,bl_52598,0
165947639,bl_67883,0,bl_73273,0,bl_27589,0,bl_52598,0,bl_55473,0,bl_63733,0,bl_67722,0
110614430,bl_73273,0,bl_27589,0,bl_52598,0,bl_55473,0,bl_63733,0,bl_67722,0,bl_67883,0
70402592,bl_63733,0,bl_67722,0,bl_67883,0,bl_73273,0,bl_27589,0,bl_52598,0,bl_55473,0
111470457,bl_55473,0,bl_63733,0,bl_67722,0,bl_67883,0,bl_73273,0,bl_27589,3,bl_52598,0
99853738,bl_27589,20,bl_52598,0,bl_55473,0,bl_63733,0,bl_67722,0,bl_67883,0,bl_73273,0
77712916,bl_67883,0,bl_73273,0,bl_27589,0,bl_52598,0,bl_55473,0,bl_63733,0,bl_67722,0
81018073,bl_52598,0,bl_55473,0,bl_63733,0,bl_67722,0,bl_67883,0,bl_73273,0,bl_27589,0
131138392,bl_27589,7,bl_52598,0,bl_55473,0,bl_63733,0,bl_67722,0,bl_67883,0,bl_73273,0
73372284,bl_63733,0,bl_67722,0,bl_67883,0,bl_73273,0,bl_27589,0,bl_52598,0,bl_55473,0
56998558,bl_27589,37,bl_52598,0,bl_55473,0,bl_63733,0,bl_67722,0,bl_67883,0,bl_73273,0
114093320,bl_73273,0,bl_27589,0,bl_52598,0,bl_55473,0,bl_63733,0,bl_67722,0,bl_67883,0
108783614,bl_27589,9,bl_52598,0,bl_55473,0,bl_63733,0,bl_67722,0,bl_67883,0,bl_73273,0
59145615,bl_27589,5,bl_52598,0,bl_55473,0,bl_63733,0,bl_67722,0,bl_67883,0,bl_73273,0
115537415,bl_73273,0,bl_27589,1,bl_52598,0,bl_55473,0,bl_63733,0,bl_67722,0,bl_67883,0
149372140,bl_27589,0,bl_52598,0,bl_55473,1,bl_63733,0,bl_67722,0,bl_67883,0,bl_73273,0
67202944,bl_67883,0,bl_73273,0,bl_27589,0,bl_52598,0,bl_55473,0,bl_63733,0,bl_67722,0
64977694,bl_27589,54,bl_52598,0,bl_55473,0,bl_63733,0,bl_67722,0,bl_67883,0,bl_73273,0
118207752,bl_55473,1,bl_63733,0,bl_67722,0,bl_67883,0,bl_73273,0,bl_27589,0,bl_52598,0
73372436,bl_63733,0,bl_67722,0,bl_67883,0,bl_73273,0,bl_27589,1,bl_52598,0,bl_55473,1
83286616,bl_27589,0,bl_52598,0,bl_55473,0,bl_63733,0,bl_67722,0,bl_67883,0,bl_73273,0
83286672,bl_63733,0,bl_67722,0,bl_67883,0,bl_73273,0,bl_27589,0,bl_52598,0,bl_55473,0
118977636,bl_55473,0,bl_63733,0,bl_67722,0,bl_67883,0,bl_73273,0,bl_27589,36,bl_52598,0
56998595,bl_52598,0,bl_55473,0,bl_63733,0,bl_67722,0,bl_67883,0,bl_73273,0,bl_27589,0
74046327,bl_67883,0,bl_73273,0,bl_27589,0,bl_52598,0,bl_55473,3,bl_63733,0,bl_67722,0
115009180,bl_27589,4,bl_52598,0,bl_55473,0,bl_63733,0,bl_67722,0,bl_67883,0,bl_73273,0
118451563,bl_27589,0,bl_52598,0,bl_55473,0,bl_63733,0,bl_67722,0,bl_67883,0,bl_73273,0
77712936,bl_67722,0,bl_67883,0,bl_73273,0,bl_27589,0,bl_52598,0,bl_55473,0,bl_63733,0
73372343,bl_67722,0,bl_67883,0,bl_73273,0,bl_27589,0,bl_52598,0,bl_55473,0,bl_63733,0
93974191,bl_52598,0,bl_55473,0,bl_63733,0,bl_67722,0,bl_67883,0,bl_73273,0,bl_27589,0
111470327,bl_67883,0,bl_73273,0,bl_27589,0,bl_52598,0,bl_55473,0,bl_63733,0,bl_67722,0
81448354,bl_52598,0,bl_55473,0,bl_63733,0,bl_67722,0,bl_67883,0,bl_73273,0,bl_27589,0
109056590,bl_63733,0,bl_67722,0,bl_67883,0,bl_73273,0,bl_27589,2,bl_52598,0,bl_55473,2
122557394,bl_27589,0,bl_52598,0,bl_55473,1,bl_63733,0,bl_67722,0,bl_67883,0,bl_73273,0
74559044,bl_63733,0,bl_67722,0,bl_67883,0,bl_73273,0,bl_27589,0,bl_52598,2,bl_55473,0
63868261,bl_73273,0,bl_27589,2,bl_52598,0,bl_55473,0,bl_63733,0,bl_67722,0,bl_67883,0
56998581,bl_73273,0,bl_27589,0,bl_52598,0,bl_55473,0,bl_63733,0,bl_67722,0,bl_67883,0
74559055,bl_73273,0,bl_27589,0,bl_52598,0,bl_55473,0,bl_63733,0,bl_67722,0,bl_67883,0
99853747,bl_67722,0,bl_67883,0,bl_73273,0,bl_27589,0,bl_52598,0,bl_55473,0,bl_63733,0
66003279,bl_55473,0,bl_63733,0,bl_67722,0,bl_67883,0,bl_73273,0,bl_27589,0,bl_52598,0
91548525,bl_73273,0,bl_27589,0,bl_52598,0,bl_55473,13,bl_63733,0,bl_67722,0,bl_67883,0
114093317,bl_27589,2,bl_52598,0,bl_55473,0,bl_63733,0,bl_67722,0,bl_67883,0,bl_73273,0
59145575,bl_52598,0,bl_55473,0,bl_63733,0,bl_67722,0,bl_67883,0,bl_73273,0,bl_27589,0
90009949,bl_67883,0,bl_73273,0,bl_27589,0,bl_52598,0,bl_55473,0,bl_63733,0,bl_67722,0
102450038,bl_55473,0,bl_63733,0,bl_67722,0,bl_67883,0,bl_73273,0,bl_27589,2,bl_52598,0
73372299,bl_27589,0,bl_52598,0,bl_55473,0,bl_63733,0,bl_67722,0,bl_67883,0,bl_73273,0
66003203,bl_63733,0,bl_67722,0,bl_67883,0,bl_73273,0,bl_27589,0,bl_52598,0,bl_55473,0
64977680,bl_63733,0,bl_67722,0,bl_67883,0,bl_73273,0,bl_27589,0,bl_52598,0,bl_55473,0
98744724,bl_67722,0,bl_67883,0,bl_73273,0,bl_27589,2,bl_52598,0,bl_55473,0,bl_63733,0
64977672,bl_27589,0,bl_52598,0,bl_55473,0,bl_63733,0,bl_67722,0,bl_67883,0,bl_73273,0
66003194,bl_73273,0,bl_27589,5,bl_52598,0,bl_55473,3,bl_63733,0,bl_67722,0,bl_67883,0
119215892,bl_67722,0,bl_67883,0,bl_73273,0,bl_27589,3,bl_52598,0,bl_55473,0,bl_63733,0
114682507,bl_55473,0,bl_63733,0,bl_67722,0,bl_67883,0,bl_73273,0,bl_27589,0,bl_52598,0
56998563,bl_67722,0,bl_67883,0,bl_73273,0,bl_27589,0,bl_52598,0,bl_55473,0,bl_63733,0
56998607,bl_27589,0,bl_52598,0,bl_55473,0,bl_63733,0,bl_67722,0,bl_67883,0,bl_73273,0
53433881,bl_52598,0,bl_55473,1,bl_63733,0,bl_67722,0,bl_67883,0,bl_73273,0,bl_27589,13
60062800,bl_27589,0,bl_52598,0,bl_55473,0,bl_63733,0,bl_67722,0,bl_67883,0,bl_73273,0
118207816,bl_55473,0,bl_63733,0,bl_67722,0,bl_67883,0,bl_73273,0,bl_27589,10,bl_52598,0
108783642,bl_73273,0,bl_27589,5,bl_52598,0,bl_55473,0,bl_63733,0,bl_67722,0,bl_67883,0
120101315,bl_27589,1,bl_52598,0,bl_55473,0,bl_63733,0,bl_67722,0,bl_67883,0,bl_73273,0
84743595,bl_63733,0,bl_67722,0,bl_67883,0,bl_73273,0,bl_27589,0,bl_52598,0,bl_55473,0
66927127,bl_67883,0,bl_73273,0,bl_27589,0,bl_52598,0,bl_55473,2,bl_63733,0,bl_67722,0
83286637,bl_67883,0,bl_73273,0,bl_27589,1,bl_52598,0,bl_55473,2,bl_63733,0,bl_67722,0
149371993,bl_63733,0,bl_67722,0,bl_67883,0,bl_73273,0,bl_27589,9,bl_52598,0,bl_55473,1
131138456,bl_67883,0,bl_73273,0,bl_27589,2,bl_52598,0,bl_55473,0,bl_63733,0,bl_67722,0
73372251,bl_67883,0,bl_73273,0,bl_27589,0,bl_52598,0,bl_55473,0,bl_63733,0,bl_67722,0
118977618,bl_67883,0,bl_73273,0,bl_27589,15,bl_52598,0,bl_55473,0,bl_63733,0,bl_67722,0
95538044,bl_52598,0,bl_55473,0,bl_63733,0,bl_67722,0,bl_67883,1,bl_73273,0,bl_27589,1
117129660,bl_27589,0,bl_52598,0,bl_55473,0,bl_63733,0,bl_67722,0,bl_67883,0,bl_73273,0
63893170,bl_63733,0,bl_67722,0,bl_67883,0,bl_73273,0,bl_27589,0,bl_52598,0,bl_55473,5
90009933,bl_27589,0,bl_52598,0,bl_55473,0,bl_63733,0,bl_67722,0,bl_67883,0,bl_73273,0
118451557,bl_73273,0,bl_27589,13,bl_52598,0,bl_55473,0,bl_63733,0,bl_67722,0,bl_67883,0
84743554,bl_55473,7,bl_63733,0,bl_67722,0,bl_67883,0,bl_73273,0,bl_27589,25,bl_52598,0
109056580,bl_67722,0,bl_67883,0,bl_73273,0,bl_27589,1,bl_52598,0,bl_55473,6,bl_63733,0
74559036,bl_52598,0,bl_55473,7,bl_63733,0,bl_67722,0,bl_67883,0,bl_73273,0,bl_27589,0
122557390,bl_27589,0,bl_52598,0,bl_55473,2,bl_63733,0,bl_67722,0,bl_67883,0,bl_73273,0
122557399,bl_73273,0,bl_27589,13,bl_52598,0,bl_55473,3,bl_63733,0,bl_67722,0,bl_67883,0
149372163,bl_55473,1,bl_63733,0,bl_67722,0,bl_67883,0,bl_73273,0,bl_27589,1,bl_52598,0
140679648,bl_73273,0,bl_27589,3,bl_52598,0,bl_55473,0,bl_63733,0,bl_67722,0,bl_67883,0
81018086,bl_55473,10,bl_63733,0,bl_67722,0,bl_67883,0,bl_73273,0,bl_27589,7,bl_52598,0
61281959,bl_55473,0,bl_63733,0,bl_67722,0,bl_67883,0,bl_73273,0,bl_27589,0,bl_52598,0
66003266,bl_73273,0,bl_27589,0,bl_52598,0,bl_55473,0,bl_63733,0,bl_67722,0,bl_67883,0
111470498,bl_55473,10,bl_63733,0,bl_67722,0,bl_67883,0,bl_73273,0,bl_27589,7,bl_52598,0
103773919,bl_27589,0,bl_52598,0,bl_55473,0,bl_63733,0,bl_67722,0,bl_67883,0,bl_73273,0
66003235,bl_55473,0,bl_63733,0,bl_67722,0,bl_67883,0,bl_73273,0,bl_27589,0,bl_52598,0
81448359,bl_27589,13,bl_52598,0,bl_55473,0,bl_63733,0,bl_67722,0,bl_67883,0,bl_73273,0
56998596,bl_63733,0,bl_67722,0,bl_67883,0,bl_73273,0,bl_27589,0,bl_52598,0,bl_55473,0
76041646,bl_27589,0,bl_52598,0,bl_55473,0,bl_63733,0,bl_67722,0,bl_67883,0,bl_73273,0
81448356,bl_67883,0,bl_73273,0,bl_27589,42,bl_52598,0,bl_55473,0,bl_63733,0,bl_67722,0
117129703,bl_73273,0,bl_27589,11,bl_52598,0,bl_55473,0,bl_63733,0,bl_67722,0,bl_67883,0
108783655,bl_27589,1,bl_52598,0,bl_55473,0,bl_63733,0,bl_67722,0,bl_67883,0,bl_73273,0
124277443,bl_52598,0,bl_55473,0,bl_63733,0,bl_67722,0,bl_67883,0,bl_73273,0,bl_27589,0
63868297,bl_27589,23,bl_52598,0,bl_55473,8,bl_63733,0,bl_67722,0,bl_67883,0,bl_73273,0
85107064,bl_67883,0,bl_73273,0,bl_27589,11,bl_52598,0,bl_55473,29,bl_63733,0,bl_67722,0
74046335,bl_63733,0,bl_67722,0,bl_67883,0,bl_73273,0,bl_27589,0,bl_52598,0,bl_55473,0
172592054,bl_27589,2,bl_52598,0,bl_55473,0,bl_63733,0,bl_67722,0,bl_67883,0,bl_73273,0
103773907,bl_63733,0,bl_67722,0,bl_67883,0,bl_73273,0,bl_27589,12,bl_52598,0,bl_55473,0
110283899,bl_63733,0,bl_67722,0,bl_67883,0,bl_73273,0,bl_27589,0,bl_52598,0,bl_55473,0
122557403,bl_27589,0,bl_52598,0,bl_55473,6,bl_63733,0,bl_67722,0,bl_67883,0,bl_73273,0
56998577,bl_27589,0,bl_52598,0,bl_55473,0,bl_63733,0,bl_67722,0,bl_67883,0,bl_73273,0
73372326,bl_67883,0,bl_73273,0,bl_27589,0,bl_52598,0,bl_55473,1,bl_63733,0,bl_67722,0
103773887,bl_27589,0,bl_52598,0,bl_55473,60,bl_63733,0,bl_67722,0,bl_67883,1,bl_73273,0
81741267,bl_73273,0,bl_27589,0,bl_52598,0,bl_55473,0,bl_63733,0,bl_67722,0,bl_67883,0
56998589,bl_27589,34,bl_52598,0,bl_55473,1,bl_63733,0,bl_67722,0,bl_67883,0,bl_73273,0
73372328,bl_27589,0,bl_52598,0,bl_55473,0,bl_63733,0,bl_67722,0,bl_67883,0,bl_73273,0
93974190,bl_27589,7,bl_52598,0,bl_55473,0,bl_63733,0,bl_67722,0,bl_67883,0,bl_73273,0
103773960,bl_73273,0,bl_27589,0,bl_52598,0,bl_55473,0,bl_63733,0,bl_67722,0,bl_67883,0
88637814,bl_67883,0,bl_73273,0,bl_27589,1,bl_52598,0,bl_55473,0,bl_63733,0,bl_67722,0
118694393,bl_73273,0,bl_27589,4,bl_52598,0,bl_55473,18,bl_63733,0,bl_67722,0,bl_67883,0
96107522,bl_63733,0,bl_67722,0,bl_67883,0,bl_73273,0,bl_27589,5,bl_52598,0,bl_55473,13
74046342,bl_67722,0,bl_67883,0,bl_73273,0,bl_27589,0,bl_52598,0,bl_55473,0,bl_63733,0
74046328,bl_67883,0,bl_73273,0,bl_27589,0,bl_52598,0,bl_55473,3,bl_63733,0,bl_67722,0
106681169,bl_73273,0,bl_27589,0,bl_52598,0,bl_55473,0,bl_63733,0,bl_67722,0,bl_67883,0
64977686,bl_27589,28,bl_52598,0,bl_55473,0,bl_63733,0,bl_67722,0,bl_67883,0,bl_73273,0
93974192,bl_63733,0,bl_67722,0,bl_67883,0,bl_73273,0,bl_27589,0,bl_52598,0,bl_55473,0
117129665,bl_27589,0,bl_52598,0,bl_55473,1,bl_63733,0,bl_67722,0,bl_67883,0,bl_73273,0
115776082,bl_27589,0,bl_52598,0,bl_55473,0,bl_63733,0,bl_67722,0,bl_67883,0,bl_73273,0
81640529,bl_27589,0,bl_52598,0,bl_55473,0,bl_63733,0,bl_67722,0,bl_67883,0,bl_73273,0
90748198,bl_27589,0,bl_52598,0,bl_55473,0,bl_63733,0,bl_67722,0,bl_67883,0,bl_73273,0
117129698,bl_67883,0,bl_73273,0,bl_27589,17,bl_52598,0,bl_55473,0,bl_63733,0,bl_67722,0
99853760,bl_67883,0,bl_73273,0,bl_27589,3,bl_52598,0,bl_55473,0,bl_63733,0,bl_67722,0
108783671,bl_27589,7,bl_52598,0,bl_55473,0,bl_63733,0,bl_67722,0,bl_67883,0,bl_73273,0
66003225,bl_67722,0,bl_67883,0,bl_73273,0,bl_27589,0,bl_52598,0,bl_55473,0,bl_63733,0
70945325,bl_55473,1,bl_63733,0,bl_67722,0,bl_67883,0,bl_73273,0,bl_27589,2,bl_52598,0
117129685,bl_52598,0,bl_55473,0,bl_63733,0,bl_67722,0,bl_67883,0,bl_73273,0,bl_27589,17
118977632,bl_55473,0,bl_63733,0,bl_67722,0,bl_67883,0,bl_73273,0,bl_27589,49,bl_52598,0
107517030,bl_67883,0,bl_73273,0,bl_27589,0,bl_52598,0,bl_55473,0,bl_63733,0,bl_67722,0
117129697,bl_52598,0,bl_55473,22,bl_63733,0,bl_67722,0,bl_67883,0,bl_73273,0,bl_27589,5
124748657,bl_67883,0,bl_73273,0,bl_27589,0,bl_52598,0,bl_55473,1,bl_63733,0,bl_67722,0
81018194,bl_27589,0,bl_52598,0,bl_55473,1,bl_63733,0,bl_67722,0,bl_67883,0,bl_73273,0
111470485,bl_63733,0,bl_67722,0,bl_67883,0,bl_73273,0,bl_27589,1,bl_52598,0,bl_55473,0
77712940,bl_27589,11,bl_52598,0,bl_55473,21,bl_63733,0,bl_67722,0,bl_67883,0,bl_73273,0
124277362,bl_27589,10,bl_52598,0,bl_55473,20,bl_63733,0,bl_67722,0,bl_67883,0,bl_73273,0
117129669,bl_27589,0,bl_52598,0,bl_55473,0,bl_63733,0,bl_67722,0,bl_67883,0,bl_73273,0
73372198,bl_27589,0,bl_52598,0,bl_55473,1,bl_63733,0,bl_67722,0,bl_67883,0,bl_73273,0
73372224,bl_67883,0,bl_73273,0,bl_27589,0,bl_52598,0,bl_55473,2,bl_63733,0,bl_67722,0
77712942,bl_73273,0,bl_27589,0,bl_52598,0,bl_55473,0,bl_63733,0,bl_67722,0,bl_67883,0
98668421,bl_27589,0,bl_52598,0,bl_55473,11,bl_63733,0,bl_67722,0,bl_67883,0,bl_73273,0
67811224,bl_73273,0,bl_27589,3,bl_52598,0,bl_55473,6,bl_63733,0,bl_67722,0,bl_67883,0
95538061,bl_67722,0,bl_67883,0,bl_73273,0,bl_27589,0,bl_52598,0,bl_55473,8,bl_63733,4
124277338,bl_27589,0,bl_52598,0,bl_55473,0,bl_63733,0,bl_67722,0,bl_67883,0,bl_73273,0
117129691,bl_63733,0,bl_67722,0,bl_67883,0,bl_73273,0,bl_27589,2,bl_52598,0,bl_55473,1
117129656,bl_73273,0,bl_27589,97,bl_52598,0,bl_55473,2,bl_63733,0,bl_67722,0,bl_67883,0
81018077,bl_73273,0,bl_27589,0,bl_52598,0,bl_55473,0,bl_63733,0,bl_67722,0,bl_67883,0
73372349,bl_27589,0,bl_52598,0,bl_55473,1,bl_63733,0,bl_67722,0,bl_67883,0,bl_73273,0
77712909,bl_27589,0,bl_52598,0,bl_55473,0,bl_63733,0,bl_67722,0,bl_67883,0,bl_73273,0
128768239,bl_52598,0,bl_55473,1080,bl_63733,10,bl_67722,0,bl_67883,0,bl_73273,0,bl_27589,198
184823242,bl_55473,0,bl_63733,0,bl_67722,0,bl_67883,0,bl_73273,0,bl_27589,4,bl_52598,0
123350167,bl_73273,0,bl_27589,0,bl_52598,0,bl_55473,0,bl_63733,0,bl_67722,0,bl_67883,0
117129707,bl_67883,0,bl_73273,0,bl_27589,0,bl_52598,0,bl_55473,0,bl_63733,0,bl_67722,0
184823232,bl_55473,0,bl_63733,0,bl_67722,0,bl_67883,0,bl_73273,0,bl_27589,9,bl_52598,0
90009939,bl_27589,0,bl_52598,0,bl_55473,0,bl_63733,0,bl_67722,0,bl_67883,0,bl_73273,0
122530563,bl_27589,6,bl_52598,0,bl_55473,6,bl_63733,0,bl_67722,0,bl_67883,0,bl_73273,0
90009927,bl_55473,0,bl_63733,0,bl_67722,0,bl_67883,0,bl_73273,0,bl_27589,3,bl_52598,0
115776034,bl_27589,18,bl_52598,0,bl_55473,0,bl_63733,0,bl_67722,0,bl_67883,0,bl_73273,0
88637812,bl_67883,0,bl_73273,0,bl_27589,0,bl_52598,0,bl_55473,0,bl_63733,0,bl_67722,0
122557401,bl_67883,0,bl_73273,0,bl_27589,10,bl_52598,0,bl_55473,0,bl_63733,0,bl_67722,0
89157863,bl_27589,0,bl_52598,0,bl_55473,0,bl_63733,0,bl_67722,0,bl_67883,0,bl_73273,0
95221409,bl_55473,0,bl_63733,0,bl_67722,0,bl_67883,0,bl_73273,0,bl_27589,32,bl_52598,0
102450046,bl_55473,0,bl_63733,0,bl_67722,0,bl_67883,0,bl_73273,0,bl_27589,0,bl_52598,0
110614404,bl_63733,0,bl_67722,0,bl_67883,0,bl_73273,0,bl_27589,1,bl_52598,0,bl_55473,0
95538051,bl_67883,0,bl_73273,0,bl_27589,0,bl_52598,0,bl_55473,12,bl_63733,7,bl_67722,0
56998586,bl_27589,0,bl_52598,0,bl_55473,0,bl_63733,0,bl_67722,0,bl_67883,0,bl_73273,0
63868176,bl_67722,0,bl_67883,0,bl_73273,0,bl_27589,0,bl_52598,0,bl_55473,0,bl_63733,0
66927208,bl_73273,0,bl_27589,0,bl_52598,0,bl_55473,0,bl_63733,0,bl_67722,0,bl_67883,0
81018106,bl_52598,0,bl_55473,23,bl_63733,0,bl_67722,0,bl_67883,1,bl_73273,0,bl_27589,0
107517002,bl_55473,0,bl_63733,0,bl_67722,0,bl_67883,0,bl_73273,0,bl_27589,0,bl_52598,0
165947722,bl_73273,0,bl_27589,0,bl_52598,0,bl_55473,1,bl_63733,0,bl_67722,0,bl_67883,0
66003282,bl_73273,0,bl_27589,71,bl_52598,0,bl_55473,0,bl_63733,0,bl_67722,0,bl_67883,0
70402583,bl_52598,0,bl_55473,0,bl_63733,0,bl_67722,0,bl_67883,0,bl_73273,0,bl_27589,9
106681172,bl_27589,0,bl_52598,0,bl_55473,2,bl_63733,0,bl_67722,0,bl_67883,0,bl_73273,0
175955412,bl_67883,0,bl_73273,0,bl_27589,1,bl_52598,0,bl_55473,0,bl_63733,0,bl_67722,0
90009971,bl_73273,0,bl_27589,0,bl_52598,0,bl_55473,0,bl_63733,0,bl_67722,0,bl_67883,0
118977628,bl_27589,22,bl_52598,0,bl_55473,1,bl_63733,0,bl_67722,0,bl_67883,0,bl_73273,0
117129689,bl_73273,0,bl_27589,4,bl_52598,0,bl_55473,27,bl_63733,0,bl_67722,0,bl_67883,0
122557404,bl_73273,0,bl_27589,0,bl_52598,0,bl_55473,1,bl_63733,0,bl_67722,0,bl_67883,0
93204714,bl_73273,0,bl_27589,2,bl_52598,0,bl_55473,0,bl_63733,0,bl_67722,0,bl_67883,0
63893173,bl_67722,0,bl_67883,0,bl_73273,0,bl_27589,0,bl_52598,0,bl_55473,0,bl_63733,0
96107475,bl_55473,0,bl_63733,0,bl_67722,0,bl_67883,0,bl_73273,0,bl_27589,0,bl_52598,0
118207784,bl_67883,0,bl_73273,0,bl_27589,30,bl_52598,0,bl_55473,0,bl_63733,0,bl_67722,0
83286626,bl_27589,0,bl_52598,0,bl_55473,2,bl_63733,0,bl_67722,0,bl_67883,0,bl_73273,0
98668417,bl_67883,0,bl_73273,0,bl_27589,0,bl_52598,0,bl_55473,0,bl_63733,0,bl_67722,0
56998611,bl_27589,0,bl_52598,0,bl_55473,0,bl_63733,0,bl_67722,0,bl_67883,0,bl_73273,0
84743567,bl_27589,81,bl_52598,0,bl_55473,0,bl_63733,0,bl_67722,0,bl_67883,0,bl_73273,0
118977623,bl_27589,0,bl_52598,0,bl_55473,0,bl_63733,0,bl_67722,0,bl_67883,0,bl_73273,0
81018140,bl_27589,31,bl_52598,0,bl_55473,0,bl_63733,0,bl_67722,0,bl_67883,0,bl_73273,0
103773931,bl_67883,0,bl_73273,0,bl_27589,32,bl_52598,0,bl_55473,85,bl_63733,0,bl_67722,0
120101310,bl_52598,0,bl_55473,0,bl_63733,0,bl_67722,0,bl_67883,0,bl_73273,0,bl_27589,2
70768568,bl_27589,0,bl_52598,0,bl_55473,0,bl_63733,0,bl_67722,0,bl_67883,0,bl_73273,0
91548511,bl_67883,0,bl_73273,0,bl_27589,55,bl_52598,0,bl_55473,0,bl_63733,0,bl_67722,0
114093321,bl_73273,0,bl_27589,0,bl_52598,0,bl_55473,0,bl_63733,0,bl_67722,0,bl_67883,0
98668418,bl_63733,0,bl_67722,0,bl_67883,0,bl_73273,0,bl_27589,0,bl_52598,0,bl_55473,0
115009206,bl_27589,0,bl_52598,0,bl_55473,11,bl_63733,0,bl_67722,0,bl_67883,0,bl_73273,0
59145602,bl_63733,0,bl_67722,0,bl_67883,0,bl_73273,0,bl_27589,0,bl_52598,0,bl_55473,0
165947785,bl_27589,0,bl_52598,0,bl_55473,0,bl_63733,0,bl_67722,0,bl_67883,0,bl_73273,0
124277214,bl_63733,0,bl_67722,0,bl_67883,0,bl_73273,0,bl_27589,0,bl_52598,0,bl_55473,0
124748710,bl_52598,0,bl_55473,0,bl_63733,0,bl_67722,0,bl_67883,0,bl_73273,0,bl_27589,0
70402590,bl_63733,0,bl_67722,0,bl_67883,0,bl_73273,0,bl_27589,0,bl_52598,0,bl_55473,0
144208641,bl_63733,0,bl_67722,0,bl_67883,0,bl_73273,0,bl_27589,2,bl_52598,0,bl_55473,0
67517328,bl_27589,0,bl_52598,0,bl_55473,0,bl_63733,0,bl_67722,0,bl_67883,0,bl_73273,0
67635386,bl_63733,0,bl_67722,0,bl_67883,0,bl_73273,0,bl_27589,0,bl_52598,0,bl_55473,0
73372447,bl_73273,0,bl_27589,0,bl_52598,0,bl_55473,0,bl_63733,0,bl_67722,0,bl_67883,0
90009963,bl_73273,0,bl_27589,2,bl_52598,0,bl_55473,0,bl_63733,0,bl_67722,0,bl_67883,0
56998578,bl_63733,0,bl_67722,0,bl_67883,0,bl_73273,0,bl_27589,0,bl_52598,0,bl_55473,0
96107491,bl_67722,0,bl_67883,0,bl_73273,0,bl_27589,0,bl_52598,0,bl_55473,0,bl_63733,0
140679657,bl_52598,0,bl_55473,0,bl_63733,0,bl_67722,0,bl_67883,0,bl_73273,0,bl_27589,10
70402585,bl_67883,0,bl_73273,0,bl_27589,0,bl_52598,0,bl_55473,0,bl_63733,0,bl_67722,0
84743549,bl_67883,1,bl_73273,0,bl_27589,64,bl_52598,0,bl_55473,9,bl_63733,0,bl_67722,0
117129657,bl_27589,4,bl_52598,0,bl_55473,1,bl_63733,0,bl_67722,0,bl_67883,0,bl_73273,0
144208619,bl_55473,0,bl_63733,0,bl_67722,0,bl_67883,0,bl_73273,0,bl_27589,0,bl_52598,0
107516980,bl_52598,0,bl_55473,0,bl_63733,0,bl_67722,0,bl_67883,0,bl_73273,0,bl_27589,0
175955285,bl_67883,0,bl_73273,0,bl_27589,3,bl_52598,0,bl_55473,0,bl_63733,0,bl_67722,0
66927176,bl_73273,0,bl_27589,0,bl_52598,0,bl_55473,0,bl_63733,0,bl_67722,0,bl_67883,0
208677660,bl_67883,0,bl_73273,0,bl_27589,0,bl_52598,0,bl_55473,2,bl_63733,0,bl_67722,0
107517177,bl_63733,0,bl_67722,0,bl_67883,0,bl_73273,0,bl_27589,0,bl_52598,0,bl_55473,0
117129700,bl_27589,15,bl_52598,0,bl_55473,0,bl_63733,0,bl_67722,0,bl_67883,0,bl_73273,0
166720275,bl_27589,5,bl_52598,0,bl_55473,0,bl_63733,0,bl_67722,0,bl_67883,0,bl_73273,0
77064970,bl_67883,0,bl_73273,0,bl_27589,0,bl_52598,0,bl_55473,1,bl_63733,0,bl_67722,0
73372278,bl_67883,0,bl_73273,0,bl_27589,0,bl_52598,0,bl_55473,0,bl_63733,0,bl_67722,0
76041721,bl_27589,0,bl_52598,0,bl_55473,0,bl_63733,0,bl_67722,0,bl_67883,0,bl_73273,0
107517075,bl_55473,0,bl_63733,0,bl_67722,0,bl_67883,0,bl_73273,0,bl_27589,7,bl_52598,0
111470292,bl_27589,0,bl_52598,0,bl_55473,0,bl_63733,0,bl_67722,0,bl_67883,0,bl_73273,0
70402594,bl_27589,1,bl_52598,0,bl_55473,0,bl_63733,0,bl_67722,0,bl_67883,1,bl_73273,0
117129671,bl_52598,0,bl_55473,3,bl_63733,0,bl_67722,0,bl_67883,0,bl_73273,0,bl_27589,0
114682532,bl_55473,0,bl_63733,0,bl_67722,0,bl_67883,0,bl_73273,0,bl_27589,0,bl_52598,0
110283883,bl_27589,3,bl_52598,0,bl_55473,0,bl_63733,0,bl_67722,0,bl_67883,0,bl_73273,0
93974186,bl_73273,0,bl_27589,0,bl_52598,0,bl_55473,6,bl_63733,0,bl_67722,0,bl_67883,0
112839047,bl_63733,0,bl_67722,0,bl_67883,0,bl_73273,0,bl_27589,8,bl_52598,0,bl_55473,0
175955404,bl_55473,0,bl_63733,0,bl_67722,0,bl_67883,0,bl_73273,0,bl_27589,0,bl_52598,0
84458352,bl_63733,0,bl_67722,0,bl_67883,0,bl_73273,0,bl_27589,1,bl_52598,0,bl_55473,0
107575470,bl_63733,0,bl_67722,0,bl_67883,0,bl_73273,0,bl_27589,3,bl_52598,0,bl_55473,0
84743613,bl_73273,0,bl_27589,7,bl_52598,0,bl_55473,60,bl_63733,0,bl_67722,0,bl_67883,0
66927191,bl_67883,0,bl_73273,0,bl_27589,0,bl_52598,0,bl_55473,0,bl_63733,0,bl_67722,0
77712920,bl_63733,0,bl_67722,0,bl_67883,0,bl_73273,0,bl_27589,0,bl_52598,0,bl_55473,1
70402579,bl_67883,0,bl_73273,0,bl_27589,6,bl_52598,0,bl_55473,6,bl_63733,0,bl_67722,0
122530573,bl_63733,0,bl_67722,0,bl_67883,0,bl_73273,0,bl_27589,34,bl_52598,0,bl_55473,0
184823207,bl_55473,0,bl_63733,0,bl_67722,0,bl_67883,0,bl_73273,0,bl_27589,4,bl_52598,0
64977618,bl_63733,0,bl_67722,0,bl_67883,0,bl_73273,0,bl_27589,0,bl_52598,0,bl_55473,0
175955440,bl_63733,0,bl_67722,0,bl_67883,0,bl_73273,0,bl_27589,0,bl_52598,0,bl_55473,0
103773955,bl_52598,0,bl_55473,1,bl_63733,0,bl_67722,0,bl_67883,0,bl_73273,0,bl_27589,0
63890324,bl_63733,0,bl_67722,0,bl_67883,2,bl_73273,0,bl_27589,68,bl_52598,1,bl_55473,8
127547669,bl_67883,0,bl_73273,0,bl_27589,0,bl_52598,0,bl_55473,0,bl_63733,0,bl_67722,0
92583795,bl_27589,0,bl_52598,0,bl_55473,0,bl_63733,0,bl_67722,0,bl_67883,0,bl_73273,0
94982046,bl_73273,0,bl_27589,0,bl_52598,0,bl_55473,2,bl_63733,0,bl_67722,0,bl_67883,0
127951796,bl_67883,0,bl_73273,0,bl_27589,0,bl_52598,0,bl_55473,0,bl_63733,0,bl_67722,0
122530567,bl_27589,0,bl_52598,0,bl_55473,0,bl_63733,0,bl_67722,0,bl_67883,0,bl_73273,0
73372215,bl_52598,0,bl_55473,154,bl_63733,-2,bl_67722,0,bl_67883,0,bl_73273,0,bl_27589,47
84743660,bl_55473,0,bl_63733,0,bl_67722,0,bl_67883,0,bl_73273,0,bl_27589,0,bl_52598,0
117129696,bl_27589,93,bl_52598,0,bl_55473,1,bl_63733,0,bl_67722,0,bl_67883,0,bl_73273,0
115537413,bl_55473,0,bl_63733,0,bl_67722,0,bl_67883,0,bl_73273,0,bl_27589,2,bl_52598,0
64977731,bl_27589,0,bl_52598,0,bl_55473,0,bl_63733,0,bl_67722,0,bl_67883,0,bl_73273,0
73372426,bl_73273,0,bl_27589,0,bl_52598,0,bl_55473,3,bl_63733,0,bl_67722,0,bl_67883,0
70945324,bl_27589,0,bl_52598,0,bl_55473,0,bl_63733,0,bl_67722,0,bl_67883,0,bl_73273,0
165947628,bl_63733,0,bl_67722,0,bl_67883,0,bl_73273,0,bl_27589,1,bl_52598,0,bl_55473,0
118694397,bl_52598,0,bl_55473,0,bl_63733,0,bl_67722,0,bl_67883,0,bl_73273,0,bl_27589,59
122557409,bl_55473,1,bl_63733,0,bl_67722,0,bl_67883,0,bl_73273,0,bl_27589,0,bl_52598,0
93204716,bl_73273,0,bl_27589,0,bl_52598,0,bl_55473,0,bl_63733,0,bl_67722,0,bl_67883,0
56998564,bl_67883,0,bl_73273,0,bl_27589,0,bl_52598,0,bl_55473,0,bl_63733,0,bl_67722,0
84743622,bl_27589,0,bl_52598,0,bl_55473,3,bl_63733,0,bl_67722,0,bl_67883,0,bl_73273,0
73372269,bl_55473,2,bl_63733,0,bl_67722,0,bl_67883,0,bl_73273,0,bl_27589,0,bl_52598,0
90167250,bl_73273,0,bl_27589,2,bl_52598,0,bl_55473,0,bl_63733,0,bl_67722,0,bl_67883,0
83286645,bl_27589,0,bl_52598,0,bl_55473,0,bl_63733,0,bl_67722,0,bl_67883,0,bl_73273,0
90009958,bl_63733,0,bl_67722,0,bl_67883,0,bl_73273,0,bl_27589,1,bl_52598,0,bl_55473,0
131138489,bl_67883,0,bl_73273,0,bl_27589,0,bl_52598,0,bl_55473,0,bl_63733,0,bl_67722,0
118451558,bl_73273,0,bl_27589,20,bl_52598,0,bl_55473,0,bl_63733,0,bl_67722,0,bl_67883,0
92583752,bl_55473,0,bl_63733,0,bl_67722,0,bl_67883,0,bl_73273,0,bl_27589,20,bl_52598,0
53433921,bl_52598,0,bl_55473,0,bl_63733,0,bl_67722,0,bl_67883,0,bl_73273,0,bl_27589,4
83286612,bl_52598,0,bl_55473,0,bl_63733,0,bl_67722,0,bl_67883,0,bl_73273,0,bl_27589,0
103773949,bl_67722,0,bl_67883,0,bl_73273,0,bl_27589,1,bl_52598,0,bl_55473,7,bl_63733,0
53433889,bl_67722,0,bl_67883,0,bl_73273,0,bl_27589,0,bl_52598,0,bl_55473,0,bl_63733,0
122530578,bl_67722,0,bl_67883,0,bl_73273,0,bl_27589,0,bl_52598,0,bl_55473,0,bl_63733,0
118207803,bl_55473,2,bl_63733,0,bl_67722,0,bl_67883,0,bl_73273,0,bl_27589,0,bl_52598,0
118207774,bl_67883,0,bl_73273,0,bl_27589,25,bl_52598,0,bl_55473,0,bl_63733,0,bl_67722,0
59447748,bl_52598,0,bl_55473,4,bl_63733,0,bl_67722,0,bl_67883,0,bl_73273,0,bl_27589,0
122530577,bl_67883,0,bl_73273,0,bl_27589,7,bl_52598,150,bl_55473,10,bl_63733,10,bl_67722,0
84743561,bl_52598,0,bl_55473,0,bl_63733,0,bl_67722,0,bl_67883,0,bl_73273,0,bl_27589,0
84743575,bl_55473,0,bl_63733,0,bl_67722,0,bl_67883,0,bl_73273,0,bl_27589,0,bl_52598,0
66927217,bl_55473,0,bl_63733,0,bl_67722,0,bl_67883,0,bl_73273,0,bl_27589,49,bl_52598,0
74046334,bl_27589,0,bl_52598,0,bl_55473,0,bl_63733,0,bl_67722,0,bl_67883,0,bl_73273,0
63868159,bl_63733,0,bl_67722,0,bl_67883,0,bl_73273,0,bl_27589,0,bl_52598,0,bl_55473,1
74559076,bl_55473,4,bl_63733,0,bl_67722,0,bl_67883,0,bl_73273,0,bl_27589,1,bl_52598,0
122530559,bl_67883,0,bl_73273,0,bl_27589,0,bl_52598,0,bl_55473,0,bl_63733,0,bl_67722,0
95221420,bl_27589,0,bl_52598,0,bl_55473,0,bl_63733,0,bl_67722,0,bl_67883,0,bl_73273,0
66927136,bl_52598,0,bl_55473,12,bl_63733,0,bl_67722,0,bl_67883,0,bl_73273,0,bl_27589,0
118207834,bl_27589,0,bl_52598,0,bl_55473,1,bl_63733,0,bl_67722,0,bl_67883,0,bl_73273,0
118694389,bl_67883,0,bl_73273,0,bl_27589,6,bl_52598,0,bl_55473,6,bl_63733,0,bl_67722,0
70402588,bl_73273,0,bl_27589,0,bl_52598,0,bl_55473,0,bl_63733,0,bl_67722,0,bl_67883,0
83286621,bl_67883,0,bl_73273,0,bl_27589,15,bl_52598,0,bl_55473,0,bl_63733,0,bl_67722,0
107516937,bl_27589,0,bl_52598,0,bl_55473,150,bl_63733,0,bl_67722,0,bl_67883,0,bl_73273,0
115537412,bl_63733,0,bl_67722,0,bl_67883,0,bl_73273,0,bl_27589,4,bl_52598,0,bl_55473,0
59145553,bl_67883,0,bl_73273,0,bl_27589,0,bl_52598,0,bl_55473,0,bl_63733,0,bl_67722,0
93974193,bl_67722,0,bl_67883,0,bl_73273,0,bl_27589,0,bl_52598,0,bl_55473,0,bl_63733,0
118977614,bl_63733,0,bl_67722,0,bl_67883,0,bl_73273,0,bl_27589,6,bl_52598,0,bl_55473,0
95538069,bl_52598,0,bl_55473,0,bl_63733,0,bl_67722,0,bl_67883,0,bl_73273,0,bl_27589,1
117129687,bl_67883,0,bl_73273,0,bl_27589,23,bl_52598,0,bl_55473,0,bl_63733,0,bl_67722,0
122530571,bl_55473,0,bl_63733,0,bl_67722,0,bl_67883,0,bl_73273,0,bl_27589,1,bl_52598,0
115776107,bl_27589,4,bl_52598,0,bl_55473,0,bl_63733,0,bl_67722,0,bl_67883,0,bl_73273,0
64977726,bl_67722,0,bl_67883,0,bl_73273,0,bl_27589,0,bl_52598,0,bl_55473,0,bl_63733,0
84743541,bl_27589,7,bl_52598,0,bl_55473,1,bl_63733,0,bl_67722,0,bl_67883,0,bl_73273,0
172592110,bl_55473,0,bl_63733,0,bl_67722,0,bl_67883,0,bl_73273,0,bl_27589,0,bl_52598,0
149372028,bl_27589,9,bl_52598,0,bl_55473,1,bl_63733,0,bl_67722,0,bl_67883,0,bl_73273,0
81018190,bl_27589,0,bl_52598,0,bl_55473,0,bl_63733,0,bl_67722,0,bl_67883,0,bl_73273,0
61281956,bl_67883,0,bl_73273,0,bl_27589,0,bl_52598,0,bl_55473,0,bl_63733,0,bl_67722,0
123350166,bl_63733,0,bl_67722,0,bl_67883,0,bl_73273,0,bl_27589,1,bl_52598,0,bl_55473,0
110614416,bl_67722,0,bl_67883,0,bl_73273,0,bl_27589,18,bl_52598,0,bl_55473,0,bl_63733,0
119215917,bl_55473,0,bl_63733,0,bl_67722,0,bl_67883,0,bl_73273,0,bl_27589,0,bl_52598,0
122530558,bl_73273,0,bl_27589,0,bl_52598,0,bl_55473,0,bl_63733,0,bl_67722,0,bl_67883,0
117129692,bl_73273,0,bl_27589,21,bl_52598,0,bl_55473,0,bl_63733,0,bl_67722,0,bl_67883,0
77064935,bl_27589,0,bl_52598,0,bl_55473,0,bl_63733,0,bl_67722,0,bl_67883,0,bl_73273,0
117129704,bl_67722,0,bl_67883,0,bl_73273,0,bl_27589,22,bl_52598,0,bl_55473,0,bl_63733,0
118977577,bl_52598,0,bl_55473,0,bl_63733,0,bl_67722,0,bl_67883,0,bl_73273,0,bl_27589,0
144208651,bl_27589,48,bl_52598,0,bl_55473,0,bl_63733,0,bl_67722,0,bl_67883,0,bl_73273,0
120493720,bl_73273,0,bl_27589,95,bl_52598,0,bl_55473,2,bl_63733,0,bl_67722,0,bl_67883,0
56998598,bl_67883,0,bl_73273,0,bl_27589,2,bl_52598,0,bl_55473,1,bl_63733,0,bl_67722,0
89157852,bl_55473,0,bl_63733,0,bl_67722,0,bl_67883,0,bl_73273,0,bl_27589,19,bl_52598,0
107517045,bl_67883,0,bl_73273,0,bl_27589,1,bl_52598,0,bl_55473,0,bl_63733,0,bl_67722,0
119215883,bl_67722,0,bl_67883,0,bl_73273,0,bl_27589,0,bl_52598,0,bl_55473,0,bl_63733,0
81018126,bl_52598,0,bl_55473,0,bl_63733,0,bl_67722,0,bl_67883,0,bl_73273,0,bl_27589,7
84743641,bl_27589,0,bl_52598,0,bl_55473,0,bl_63733,0,bl_67722,0,bl_67883,0,bl_73273,0
122530556,bl_67722,0,bl_67883,0,bl_73273,0,bl_27589,0,bl_52598,0,bl_55473,0,bl_63733,0
114093328,bl_67883,0,bl_73273,0,bl_27589,6,bl_52598,0,bl_55473,10,bl_63733,0,bl_67722,0
73372324,bl_27589,2,bl_52598,0,bl_55473,2,bl_63733,0,bl_67722,0,bl_67883,0,bl_73273,0
165947801,bl_27589,0,bl_52598,0,bl_55473,0,bl_63733,0,bl_67722,0,bl_67883,0,bl_73273,0
103773913,bl_52598,0,bl_55473,9,bl_63733,0,bl_67722,0,bl_67883,0,bl_73273,0,bl_27589,6
117129701,bl_67883,0,bl_73273,0,bl_27589,5,bl_52598,0,bl_55473,3,bl_63733,0,bl_67722,0
118207927,bl_67722,0,bl_67883,0,bl_73273,0,bl_27589,4,bl_52598,0,bl_55473,0,bl_63733,0
56998576,bl_67883,0,bl_73273,0,bl_27589,0,bl_52598,0,bl_55473,0,bl_63733,0,bl_67722,0
124277308,bl_67722,0,bl_67883,0,bl_73273,0,bl_27589,0,bl_52598,0,bl_55473,0,bl_63733,0
110283879,bl_63733,0,bl_67722,0,bl_67883,0,bl_73273,0,bl_27589,12,bl_52598,0,bl_55473,2
111470315,bl_67883,0,bl_73273,0,bl_27589,0,bl_52598,0,bl_55473,0,bl_63733,0,bl_67722,0
110283836,bl_27589,7,bl_52598,0,bl_55473,0,bl_63733,0,bl_67722,0,bl_67883,0,bl_73273,0
172592085,bl_67883,0,bl_73273,0,bl_27589,4,bl_52598,0,bl_55473,0,bl_63733,0,bl_67722,0
122530576,bl_27589,2,bl_52598,0,bl_55473,1,bl_63733,0,bl_67722,0,bl_67883,0,bl_73273,0
73372144,bl_63733,0,bl_67722,0,bl_67883,0,bl_73273,0,bl_27589,0,bl_52598,0,bl_55473,0
94982018,bl_63733,0,bl_67722,0,bl_67883,0,bl_73273,0,bl_27589,6,bl_52598,0,bl_55473,10
95538007,bl_27589,0,bl_52598,0,bl_55473,0,bl_63733,0,bl_67722,0,bl_67883,0,bl_73273,0
115776070,bl_73273,0,bl_27589,17,bl_52598,0,bl_55473,0,bl_63733,0,bl_67722,0,bl_67883,0
66927183,bl_52598,0,bl_55473,0,bl_63733,0,bl_67722,0,bl_67883,0,bl_73273,0,bl_27589,0
90009979,bl_67722,0,bl_67883,0,bl_73273,0,bl_27589,0,bl_52598,0,bl_55473,0,bl_63733,0
56998565,bl_67722,0,bl_67883,0,bl_73273,0,bl_27589,0,bl_52598,0,bl_55473,0,bl_63733,0
70945317,bl_63733,0,bl_67722,0,bl_67883,0,bl_73273,0,bl_27589,0,bl_52598,4,bl_55473,0
144208720,bl_27589,9,bl_52598,0,bl_55473,0,bl_63733,0,bl_67722,0,bl_67883,0,bl_73273,0
108783705,bl_55473,0,bl_63733,0,bl_67722,0,bl_67883,0,bl_73273,0,bl_27589,0,bl_52598,0
66003289,bl_63733,0,bl_67722,0,bl_67883,0,bl_73273,0,bl_27589,0,bl_52598,0,bl_55473,0
73372418,bl_27589,0,bl_52598,0,bl_55473,0,bl_63733,0,bl_67722,0,bl_67883,0,bl_73273,0
118694390,bl_67883,0,bl_73273,0,bl_27589,0,bl_52598,0,bl_55473,0,bl_63733,0,bl_67722,0
53433913,bl_67722,0,bl_67883,0,bl_73273,0,bl_27589,8,bl_52598,0,bl_55473,30,bl_63733,0
103773894,bl_55473,0,bl_63733,0,bl_67722,0,bl_67883,0,bl_73273,0,bl_27589,1,bl_52598,0
111470444,bl_67722,0,bl_67883,0,bl_73273,0,bl_27589,2,bl_52598,0,bl_55473,0,bl_63733,0
118451564,bl_67722,0,bl_67883,0,bl_73273,0,bl_27589,8,bl_52598,0,bl_55473,0,bl_63733,0
94982035,bl_73273,0,bl_27589,7,bl_52598,0,bl_55473,6,bl_63733,0,bl_67722,0,bl_67883,0
117129702,bl_67883,0,bl_73273,0,bl_27589,0,bl_52598,0,bl_55473,0,bl_63733,0,bl_67722,0
124277510,bl_27589,9,bl_52598,0,bl_55473,0,bl_63733,0,bl_67722,0,bl_67883,0,bl_73273,0
59145566,bl_63733,0,bl_67722,0,bl_67883,0,bl_73273,0,bl_27589,1,bl_52598,0,bl_55473,0
64977634,bl_67883,0,bl_73273,0,bl_27589,0,bl_52598,0,bl_55473,71,bl_63733,0,bl_67722,0
108783600,bl_67883,0,bl_73273,0,bl_27589,4,bl_52598,0,bl_55473,0,bl_63733,0,bl_67722,0
175955393,bl_63733,0,bl_67722,0,bl_67883,0,bl_73273,0,bl_27589,0,bl_52598,0,bl_55473,0
124277589,bl_27589,7,bl_52598,0,bl_55473,0,bl_63733,0,bl_67722,0,bl_67883,0,bl_73273,0
92583772,bl_52598,0,bl_55473,0,bl_63733,0,bl_67722,0,bl_67883,0,bl_73273,0,bl_27589,0
66927096,bl_27589,0,bl_52598,0,bl_55473,0,bl_63733,0,bl_67722,0,bl_67883,0,bl_73273,0
70945327,bl_27589,0,bl_52598,0,bl_55473,0,bl_63733,0,bl_67722,0,bl_67883,0,bl_73273,0
94505697,bl_73273,0,bl_27589,0,bl_52598,0,bl_55473,29,bl_63733,0,bl_67722,0,bl_67883,0
131138226,bl_73273,0,bl_27589,3,bl_52598,0,bl_55473,0,bl_63733,0,bl_67722,0,bl_67883,0
77064943,bl_67883,0,bl_73273,0,bl_27589,0,bl_52598,0,bl_55473,0,bl_63733,0,bl_67722,0
74559061,bl_55473,0,bl_63733,0,bl_67722,0,bl_67883,0,bl_73273,0,bl_27589,0,bl_52598,0
56998559,bl_27589,0,bl_52598,0,bl_55473,0,bl_63733,0,bl_67722,0,bl_67883,0,bl_73273,0
74046339,bl_27589,1,bl_52598,0,bl_55473,1,bl_63733,0,bl_67722,0,bl_67883,0,bl_73273,0
111470304,bl_73273,0,bl_27589,0,bl_52598,0,bl_55473,0,bl_63733,0,bl_67722,0,bl_67883,0
74046324,bl_73273,0,bl_27589,0,bl_52598,0,bl_55473,0,bl_63733,0,bl_67722,0,bl_67883,0
74559069,bl_27589,3,bl_52598,0,bl_55473,2,bl_63733,0,bl_67722,0,bl_67883,0,bl_73273,0
84458353,bl_27589,0,bl_52598,0,bl_55473,0,bl_63733,0,bl_67722,0,bl_67883,0,bl_73273,0
122530560,bl_52598,0,bl_55473,0,bl_63733,0,bl_67722,0,bl_67883,0,bl_73273,0,bl_27589,0
144208630,bl_63733,0,bl_67722,0,bl_67883,0,bl_73273,0,bl_27589,0,bl_52598,0,bl_55473,5
81448325,bl_67883,1,bl_73273,0,bl_27589,0,bl_52598,0,bl_55473,0,bl_63733,0,bl_67722,0
99853756,bl_52598,0,bl_55473,0,bl_63733,0,bl_67722,0,bl_67883,0,bl_73273,0,bl_27589,0
73372274,bl_73273,0,bl_27589,0,bl_52598,0,bl_55473,0,bl_63733,0,bl_67722,0,bl_67883,0
107517194,bl_73273,0,bl_27589,8,bl_52598,0,bl_55473,7,bl_63733,0,bl_67722,0,bl_67883,0
117129681,bl_27589,1,bl_52598,0,bl_55473,4,bl_63733,0,bl_67722,0,bl_67883,0,bl_73273,0
63868255,bl_27589,0,bl_52598,0,bl_55473,0,bl_63733,0,bl_67722,0,bl_67883,0,bl_73273,0
81018090,bl_63733,0,bl_67722,0,bl_67883,0,bl_73273,0,bl_27589,1,bl_52598,0,bl_55473,0
166720206,bl_27589,2,bl_52598,0,bl_55473,0,bl_63733,0,bl_67722,0,bl_67883,0,bl_73273,0
175955387,bl_67883,0,bl_73273,0,bl_27589,0,bl_52598,0,bl_55473,0,bl_63733,0,bl_67722,0
66927164,bl_63733,0,bl_67722,0,bl_67883,0,bl_73273,0,bl_27589,0,bl_52598,0,bl_55473,1
128767110,bl_67722,0,bl_67883,0,bl_73273,0,bl_27589,0,bl_52598,0,bl_55473,0,bl_63733,0
107517016,bl_67722,0,bl_67883,0,bl_73273,0,bl_27589,0,bl_52598,0,bl_55473,0,bl_63733,0
67022133,bl_67883,0,bl_73273,0,bl_27589,0,bl_52598,0,bl_55473,0,bl_63733,0,bl_67722,0
59145614,bl_27589,0,bl_52598,0,bl_55473,0,bl_63733,0,bl_67722,0,bl_67883,0,bl_73273,0
131138432,bl_63733,0,bl_67722,0,bl_67883,0,bl_73273,0,bl_27589,0,bl_52598,0,bl_55473,0
118694387,bl_27589,16,bl_52598,0,bl_55473,77,bl_63733,0,bl_67722,0,bl_67883,0,bl_73273,0
76041737,bl_67883,0,bl_73273,0,bl_27589,0,bl_52598,0,bl_55473,0,bl_63733,0,bl_67722,0
77712933,bl_55473,5,bl_63733,0,bl_67722,0,bl_67883,0,bl_73273,0,bl_27589,0,bl_52598,0
107516964,bl_63733,0,bl_67722,0,bl_67883,0,bl_73273,0,bl_27589,0,bl_52598,0,bl_55473,0
115537414,bl_52598,0,bl_55473,0,bl_63733,0,bl_67722,0,bl_67883,0,bl_73273,0,bl_27589,5
53433863,bl_55473,1,bl_63733,0,bl_67722,0,bl_67883,0,bl_73273,0,bl_27589,8,bl_52598,0
112839058,bl_55473,0,bl_63733,0,bl_67722,0,bl_67883,0,bl_73273,0,bl_27589,8,bl_52598,0
73372333,bl_63733,0,bl_67722,0,bl_67883,0,bl_73273,0,bl_27589,0,bl_52598,0,bl_55473,0
61319136,bl_73273,0,bl_27589,0,bl_52598,0,bl_55473,0,bl_63733,0,bl_67722,0,bl_67883,0
99853743,bl_27589,0,bl_52598,0,bl_55473,0,bl_63733,0,bl_67722,0,bl_67883,0,bl_73273,0
73372409,bl_63733,0,bl_67722,0,bl_67883,0,bl_73273,0,bl_27589,0,bl_52598,0,bl_55473,0
109056585,bl_52598,0,bl_55473,3,bl_63733,0,bl_67722,0,bl_67883,0,bl_73273,0,bl_27589,5
118451566,bl_67722,0,bl_67883,0,bl_73273,0,bl_27589,0,bl_52598,0,bl_55473,0,bl_63733,0
96107444,bl_67722,0,bl_67883,0,bl_73273,0,bl_27589,3,bl_52598,0,bl_55473,17,bl_63733,0
77064954,bl_55473,0,bl_63733,0,bl_67722,0,bl_67883,0,bl_73273,0,bl_27589,0,bl_52598,0
70768549,bl_73273,0,bl_27589,0,bl_52598,0,bl_55473,3,bl_63733,0,bl_67722,0,bl_67883,0
63893180,bl_27589,0,bl_52598,0,bl_55473,0,bl_63733,0,bl_67722,0,bl_67883,0,bl_73273,0
131138536,bl_73273,0,bl_27589,3,bl_52598,0,bl_55473,1,bl_63733,0,bl_67722,0,bl_67883,0
88637801,bl_52598,0,bl_55473,0,bl_63733,0,bl_67722,0,bl_67883,0,bl_73273,0,bl_27589,0
111470399,bl_73273,0,bl_27589,17,bl_52598,0,bl_55473,0,bl_63733,0,bl_67722,0,bl_67883,0
110283802,bl_63733,0,bl_67722,0,bl_67883,0,bl_73273,0,bl_27589,2,bl_52598,0,bl_55473,0
74559049,bl_73273,0,bl_27589,0,bl_52598,0,bl_55473,3,bl_63733,0,bl_67722,0,bl_67883,0
94505694,bl_27589,0,bl_52598,0,bl_55473,45,bl_63733,0,bl_67722,0,bl_67883,0,bl_73273,0
122530557,bl_27589,0,bl_52598,0,bl_55473,0,bl_63733,0,bl_67722,0,bl_67883,0,bl_73273,0
131138464,bl_63733,0,bl_67722,0,bl_67883,0,bl_73273,0,bl_27589,2,bl_52598,0,bl_55473,0
114093319,bl_63733,0,bl_67722,0,bl_67883,0,bl_73273,0,bl_27589,0,bl_52598,0,bl_55473,0
115537411,bl_27589,4,bl_52598,0,bl_55473,0,bl_63733,0,bl_67722,0,bl_67883,0,bl_73273,0
81018115,bl_52598,0,bl_55473,0,bl_63733,0,bl_67722,0,bl_67883,0,bl_73273,0,bl_27589,4
92583762,bl_55473,0,bl_63733,0,bl_67722,0,bl_67883,0,bl_73273,0,bl_27589,0,bl_52598,0
70768529,bl_67883,0,bl_73273,0,bl_27589,0,bl_52598,0,bl_55473,0,bl_63733,0,bl_67722,0
107516955,bl_55473,30,bl_63733,0,bl_67722,0,bl_67883,0,bl_73273,0,bl_27589,1,bl_52598,0
117129706,bl_73273,0,bl_27589,0,bl_52598,0,bl_55473,0,bl_63733,0,bl_67722,0,bl_67883,0
88637809,bl_27589,2,bl_52598,0,bl_55473,0,bl_63733,0,bl_67722,0,bl_67883,0,bl_73273,0
66003245,bl_73273,0,bl_27589,25,bl_52598,0,bl_55473,0,bl_63733,0,bl_67722,0,bl_67883,0
117129655,bl_63733,0,bl_67722,0,bl_67883,0,bl_73273,0,bl_27589,7,bl_52598,0,bl_55473,12
114093329,bl_27589,1,bl_52598,0,bl_55473,0,bl_63733,0,bl_67722,0,bl_67883,0,bl_73273,0
86590250,bl_27589,0,bl_52598,0,bl_55473,0,bl_63733,0,bl_67722,0,bl_67883,0,bl_73273,0
95221416,bl_73273,0,bl_27589,0,bl_52598,0,bl_55473,0,bl_63733,0,bl_67722,0,bl_67883,0
77712951,bl_52598,0,bl_55473,89,bl_63733,0,bl_67722,0,bl_67883,0,bl_73273,0,bl_27589,0
98668422,bl_67722,0,bl_67883,0,bl_73273,0,bl_27589,0,bl_52598,0,bl_55473,0,bl_63733,0
166720196,bl_27589,45,bl_52598,0,bl_55473,0,bl_63733,0,bl_67722,0,bl_67883,0,bl_73273,0
74046332,bl_27589,0,bl_52598,0,bl_55473,0,bl_63733,0,bl_67722,0,bl_67883,0,bl_73273,0
81640530,bl_67883,0,bl_73273,0,bl_27589,5,bl_52598,0,bl_55473,0,bl_63733,0,bl_67722,0
175910642,bl_63733,0,bl_67722,0,bl_67883,0,bl_73273,0,bl_27589,1,bl_52598,0,bl_55473,0
140679675,bl_27589,0,bl_52598,0,bl_55473,0,bl_63733,0,bl_67722,0,bl_67883,0,bl_73273,0
66973135,bl_27589,7,bl_52598,0,bl_55473,0,bl_63733,0,bl_67722,0,bl_67883,0,bl_73273,0
110283856,bl_67722,0,bl_67883,0,bl_73273,0,bl_27589,12,bl_52598,0,bl_55473,12,bl_63733,0
118207760,bl_67883,0,bl_73273,0,bl_27589,9,bl_52598,0,bl_55473,0,bl_63733,0,bl_67722,0
165947754,bl_67883,0,bl_73273,0,bl_27589,0,bl_52598,0,bl_55473,0,bl_63733,0,bl_67722,0
88637807,bl_67722,0,bl_67883,0,bl_73273,0,bl_27589,0,bl_52598,0,bl_55473,0,bl_63733,0
93974187,bl_73273,0,bl_27589,0,bl_52598,0,bl_55473,2,bl_63733,0,bl_67722,0,bl_67883,0
96107544,bl_67722,0,bl_67883,0,bl_73273,0,bl_27589,0,bl_52598,0,bl_55473,1,bl_63733,0
81018102,bl_67883,0,bl_73273,0,bl_27589,1,bl_52598,0,bl_55473,0,bl_63733,0,bl_67722,0
64977708,bl_63733,0,bl_67722,0,bl_67883,0,bl_73273,0,bl_27589,1,bl_52598,0,bl_55473,15
77712950,bl_27589,0,bl_52598,0,bl_55473,139,bl_63733,0,bl_67722,0,bl_67883,0,bl_73273,0
81741280,bl_67722,0,bl_67883,0,bl_73273,0,bl_27589,0,bl_52598,0,bl_55473,0,bl_63733,0
110283893,bl_55473,2,bl_63733,0,bl_67722,0,bl_67883,0,bl_73273,0,bl_27589,0,bl_52598,0
90009980,bl_67722,0,bl_67883,0,bl_73273,0,bl_27589,0,bl_52598,0,bl_55473,0,bl_63733,0
115537416,bl_27589,1,bl_52598,0,bl_55473,5,bl_63733,0,bl_67722,0,bl_67883,0,bl_73273,0
56998602,bl_55473,0,bl_63733,0,bl_67722,0,bl_67883,0,bl_73273,0,bl_27589,0,bl_52598,0
66927089,bl_67722,0,bl_67883,0,bl_73273,0,bl_27589,0,bl_52598,0,bl_55473,0,bl_63733,0
86590247,bl_63733,0,bl_67722,0,bl_67883,0,bl_73273,0,bl_27589,11,bl_52598,0,bl_55473,1
110283888,bl_73273,0,bl_27589,4,bl_52598,0,bl_55473,0,bl_63733,0,bl_67722,0,bl_67883,0
110283815,bl_67722,0,bl_67883,0,bl_73273,0,bl_27589,1,bl_52598,0,bl_55473,0,bl_63733,0
118207896,bl_27589,0,bl_52598,0,bl_55473,0,bl_63733,0,bl_67722,0,bl_67883,0,bl_73273,0
117129682,bl_27589,0,bl_52598,0,bl_55473,0,bl_63733,0,bl_67722,0,bl_67883,0,bl_73273,0
184823247,bl_67883,0,bl_73273,0,bl_27589,9,bl_52598,0,bl_55473,0,bl_63733,0,bl_67722,0
56998569,bl_27589,8,bl_52598,0,bl_55473,0,bl_63733,0,bl_67722,0,bl_67883,0,bl_73273,0
77712953,bl_27589,0,bl_52598,0,bl_55473,3,bl_63733,0,bl_67722,0,bl_67883,0,bl_73273,0
81640531,bl_27589,0,bl_52598,0,bl_55473,0,bl_63733,0,bl_67722,0,bl_67883,0,bl_73273,0
118207905,bl_27589,0,bl_52598,0,bl_55473,0,bl_63733,0,bl_67722,0,bl_67883,0,bl_73273,0
131138238,bl_52598,0,bl_55473,0,bl_63733,0,bl_67722,0,bl_67883,0,bl_73273,0,bl_27589,3
59145594,bl_27589,0,bl_52598,0,bl_55473,0,bl_63733,0,bl_67722,0,bl_67883,0,bl_73273,0
131138479,bl_67883,0,bl_73273,0,bl_27589,0,bl_52598,0,bl_55473,0,bl_63733,0,bl_67722,0
112839041,bl_27589,1,bl_52598,0,bl_55473,0,bl_63733,0,bl_67722,0,bl_67883,0,bl_73273,0
124277399,bl_27589,19,bl_52598,0,bl_55473,0,bl_63733,0,bl_67722,0,bl_67883,0,bl_73273,0
107517207,bl_52598,0,bl_55473,12,bl_63733,0,bl_67722,0,bl_67883,0,bl_73273,0,bl_27589,0
124277380,bl_63733,0,bl_67722,0,bl_67883,0,bl_73273,0,bl_27589,37,bl_52598,0,bl_55473,1
110283820,bl_52598,0,bl_55473,3,bl_63733,0,bl_67722,0,bl_67883,0,bl_73273,0,bl_27589,2
77064978,bl_73273,0,bl_27589,0,bl_52598,0,bl_55473,1,bl_63733,0,bl_67722,0,bl_67883,0
81018149,bl_27589,0,bl_52598,0,bl_55473,0,bl_63733,0,bl_67722,0,bl_67883,0,bl_73273,0
96107556,bl_63733,0,bl_67722,0,bl_67883,0,bl_73273,0,bl_27589,3,bl_52598,0,bl_55473,20
74046348,bl_27589,0,bl_52598,0,bl_55473,0,bl_63733,0,bl_67722,0,bl_67883,0,bl_73273,0
122530555,bl_67883,0,bl_73273,0,bl_27589,5,bl_52598,0,bl_55473,0,bl_63733,0,bl_67722,0
118207825,bl_55473,0,bl_63733,0,bl_67722,0,bl_67883,0,bl_73273,0,bl_27589,7,bl_52598,0
81018082,bl_73273,0,bl_27589,0,bl_52598,0,bl_55473,0,bl_63733,0,bl_67722,0,bl_67883,0
150155527,bl_27589,6,bl_52598,0,bl_55473,1,bl_63733,0,bl_67722,0,bl_67883,0,bl_73273,0
122530568,bl_67722,0,bl_67883,0,bl_73273,0,bl_27589,0,bl_52598,0,bl_55473,2,bl_63733,-4
131138148,bl_67722,0,bl_67883,0,bl_73273,0,bl_27589,0,bl_52598,0,bl_55473,0,bl_63733,0
63893177,bl_52598,0,bl_55473,1,bl_63733,0,bl_67722,0,bl_67883,0,bl_73273,0,bl_27589,0
63389126,bl_27589,0,bl_52598,0,bl_55473,0,bl_63733,0,bl_67722,0,bl_67883,0,bl_73273,0
172592097,bl_67722,0,bl_67883,0,bl_73273,0,bl_27589,5,bl_52598,0,bl_55473,0,bl_63733,0
81640528,bl_27589,12,bl_52598,0,bl_55473,0,bl_63733,0,bl_67722,0,bl_67883,0,bl_73273,0
103773900,bl_55473,0,bl_63733,0,bl_67722,0,bl_67883,0,bl_73273,0,bl_27589,0,bl_52598,0
59145613,bl_55473,0,bl_63733,0,bl_67722,0,bl_67883,0,bl_73273,0,bl_27589,0,bl_52598,0
166720215,bl_52598,0,bl_55473,0,bl_63733,0,bl_67722,0,bl_67883,0,bl_73273,0,bl_27589,5
66003294,bl_52598,0,bl_55473,0,bl_63733,0,bl_67722,0,bl_67883,0,bl_73273,0,bl_27589,0
166720234,bl_52598,0,bl_55473,0,bl_63733,0,bl_67722,0,bl_67883,0,bl_73273,0,bl_27589,0
93204713,bl_67883,0,bl_73273,0,bl_27589,0,bl_52598,0,bl_55473,7,bl_63733,0,bl_67722,0
165947799,bl_27589,21,bl_52598,0,bl_55473,0,bl_63733,0,bl_67722,0,bl_67883,0,bl_73273,0
166720270,bl_73273,0,bl_27589,4,bl_52598,0,bl_55473,0,bl_63733,0,bl_67722,0,bl_67883,0
70402601,bl_27589,1,bl_52598,0,bl_55473,3,bl_63733,0,bl_67722,0,bl_67883,0,bl_73273,0
81640534,bl_27589,0,bl_52598,0,bl_55473,0,bl_63733,0,bl_67722,0,bl_67883,0,bl_73273,0
131138448,bl_52598,0,bl_55473,0,bl_63733,0,bl_67722,0,bl_67883,0,bl_73273,0,bl_27589,0
122530561,bl_52598,0,bl_55473,0,bl_63733,0,bl_67722,0,bl_67883,0,bl_73273,0,bl_27589,2
59145608,bl_63733,0,bl_67722,0,bl_67883,0,bl_73273,0,bl_27589,0,bl_52598,0,bl_55473,0
108783742,bl_55473,2,bl_63733,0,bl_67722,0,bl_67883,0,bl_73273,0,bl_27589,0,bl_52598,0
93974183,bl_63733,0,bl_67722,0,bl_67883,0,bl_73273,0,bl_27589,3,bl_52598,0,bl_55473,1
107516928,bl_67883,0,bl_73273,0,bl_27589,5,bl_52598,0,bl_55473,0,bl_63733,0,bl_67722,0
81018120,bl_67722,0,bl_67883,0,bl_73273,0,bl_27589,1,bl_52598,0,bl_55473,0,bl_63733,0
114093326,bl_67722,0,bl_67883,0,bl_73273,0,bl_27589,4,bl_52598,0,bl_55473,0,bl_63733,0
94505691,bl_73273,0,bl_27589,3,bl_52598,0,bl_55473,2,bl_63733,0,bl_67722,0,bl_67883,0
73372318,bl_27589,0,bl_52598,0,bl_55473,0,bl_63733,0,bl_67722,0,bl_67883,0,bl_73273,0
70402603,bl_55473,8,bl_63733,0,bl_67722,0,bl_67883,0,bl_73273,0,bl_27589,9,bl_52598,0
106681170,bl_55473,0,bl_63733,0,bl_67722,0,bl_67883,0,bl_73273,0,bl_27589,1,bl_52598,0
63868271,bl_52598,0,bl_55473,0,bl_63733,0,bl_67722,0,bl_67883,0,bl_73273,0,bl_27589,0
59447725,bl_55473,0,bl_63733,0,bl_67722,0,bl_67883,0,bl_73273,0,bl_27589,1,bl_52598,0
122557389,bl_52598,0,bl_55473,2,bl_63733,0,bl_67722,0,bl_67883,0,bl_73273,0,bl_27589,0
118451560,bl_27589,0,bl_52598,0,bl_55473,0,bl_63733,0,bl_67722,0,bl_67883,0,bl_73273,0
100969831,bl_63733,15,bl_67722,0,bl_67883,0,bl_73273,0,bl_27589,0,bl_52598,0,bl_55473,21
64977641,bl_55473,0,bl_63733,0,bl_67722,0,bl_67883,0,bl_73273,0,bl_27589,16,bl_52598,0
107517151,bl_63733,0,bl_67722,0,bl_67883,0,bl_73273,0,bl_27589,13,bl_52598,0,bl_55473,912
118451555,bl_67722,0,bl_67883,0,bl_73273,0,bl_27589,47,bl_52598,0,bl_55473,26,bl_63733,0
74046347,bl_55473,0,bl_63733,0,bl_67722,0,bl_67883,0,bl_73273,0,bl_27589,0,bl_52598,0
77712944,bl_27589,136,bl_52598,0,bl_55473,0,bl_63733,0,bl_67722,0,bl_67883,0,bl_73273,0
110283810,bl_67722,0,bl_67883,0,bl_73273,0,bl_27589,5,bl_52598,0,bl_55473,0,bl_63733,0
117129674,bl_63733,0,bl_67722,0,bl_67883,0,bl_73273,0,bl_27589,51,bl_52598,0,bl_55473,0
95538089,bl_67883,0,bl_73273,0,bl_27589,0,bl_52598,0,bl_55473,1,bl_63733,0,bl_67722,0
56998597,bl_67883,0,bl_73273,0,bl_27589,4,bl_52598,0,bl_55473,0,bl_63733,0,bl_67722,0
81018135,bl_27589,6,bl_52598,0,bl_55473,0,bl_63733,0,bl_67722,0,bl_67883,0,bl_73273,0
73372244,bl_55473,5,bl_63733,0,bl_67722,0,bl_67883,0,bl_73273,0,bl_27589,1,bl_52598,0
175955410,bl_73273,0,bl_27589,1,bl_52598,0,bl_55473,0,bl_63733,0,bl_67722,0,bl_67883,0
95221413,bl_67722,0,bl_67883,0,bl_73273,0,bl_27589,2,bl_52598,0,bl_55473,0,bl_63733,0
63868331,bl_67722,0,bl_67883,0,bl_73273,0,bl_27589,0,bl_52598,33,bl_55473,6,bl_63733,0
56998562,bl_27589,0,bl_52598,0,bl_55473,0,bl_63733,0,bl_67722,0,bl_67883,0,bl_73273,0
74046343,bl_27589,0,bl_52598,0,bl_55473,1,bl_63733,0,bl_67722,0,bl_67883,0,bl_73273,0
95538033,bl_55473,0,bl_63733,0,bl_67722,0,bl_67883,0,bl_73273,0,bl_27589,0,bl_52598,0
117129711,bl_27589,0,bl_52598,0,bl_55473,0,bl_63733,0,bl_67722,0,bl_67883,0,bl_73273,0
117129668,bl_27589,4,bl_52598,0,bl_55473,0,bl_63733,0,bl_67722,0,bl_67883,0,bl_73273,0
70768562,bl_27589,8,bl_52598,0,bl_55473,0,bl_63733,0,bl_67722,0,bl_67883,0,bl_73273,0
110614390,bl_27589,0,bl_52598,0,bl_55473,0,bl_63733,0,bl_67722,0,bl_67883,0,bl_73273,0
73372396,bl_67722,0,bl_67883,0,bl_73273,0,bl_27589,0,bl_52598,0,bl_55473,0,bl_63733,0
95221403,bl_67722,0,bl_67883,0,bl_73273,0,bl_27589,0,bl_52598,0,bl_55473,0,bl_63733,0
114093325,bl_55473,1,bl_63733,0,bl_67722,0,bl_67883,0,bl_73273,0,bl_27589,13,bl_52598,0
117129678,bl_27589,5,bl_52598,0,bl_55473,0,bl_63733,0,bl_67722,0,bl_67883,0,bl_73273,0
81018130,bl_67722,0,bl_67883,0,bl_73273,0,bl_27589,8,bl_52598,0,bl_55473,0,bl_63733,0
122530569,bl_73273,0,bl_27589,0,bl_52598,0,bl_55473,0,bl_63733,0,bl_67722,0,bl_67883,0
107517128,bl_27589,112,bl_52598,0,bl_55473,717,bl_63733,0,bl_67722,0,bl_67883,0,bl_73273,0
73372362,bl_67722,0,bl_67883,0,bl_73273,0,bl_27589,0,bl_52598,0,bl_55473,1,bl_63733,0
56998573,bl_55473,0,bl_63733,0,bl_67722,0,bl_67883,0,bl_73273,0,bl_27589,0,bl_52598,0
114682522,bl_63733,0,bl_67722,0,bl_67883,0,bl_73273,0,bl_27589,0,bl_52598,0,bl_55473,0
67210551,bl_27589,0,bl_52598,0,bl_55473,0,bl_63733,0,bl_67722,0,bl_67883,0,bl_73273,0
106681166,bl_67883,0,bl_73273,0,bl_27589,0,bl_52598,0,bl_55473,0,bl_63733,0,bl_67722,0
128767026,bl_55473,0,bl_63733,0,bl_67722,0,bl_67883,0,bl_73273,0,bl_27589,5,bl_52598,0
94505692,bl_27589,0,bl_52598,0,bl_55473,1,bl_63733,0,bl_67722,0,bl_67883,0,bl_73273,0
64977750,bl_55473,0,bl_63733,0,bl_67722,0,bl_67883,0,bl_73273,0,bl_27589,0,bl_52598,0
73372187,bl_27589,0,bl_52598,0,bl_55473,0,bl_63733,0,bl_67722,0,bl_67883,0,bl_73273,0
81018103,bl_63733,0,bl_67722,0,bl_67883,1,bl_73273,0,bl_27589,0,bl_52598,0,bl_55473,0
63868227,bl_73273,0,bl_27589,0,bl_52598,0,bl_55473,3,bl_63733,0,bl_67722,0,bl_67883,0
67364487,bl_52598,0,bl_55473,0,bl_63733,0,bl_67722,0,bl_67883,0,bl_73273,0,bl_27589,0
83286662,bl_63733,0,bl_67722,0,bl_67883,0,bl_73273,0,bl_27589,0,bl_52598,0,bl_55473,0
103773965,bl_63733,0,bl_67722,0,bl_67883,0,bl_73273,0,bl_27589,0,bl_52598,0,bl_55473,0
56998603,bl_52598,0,bl_55473,0,bl_63733,0,bl_67722,0,bl_67883,0,bl_73273,0,bl_27589,0
63893186,bl_67722,0,bl_67883,0,bl_73273,0,bl_27589,0,bl_52598,0,bl_55473,0,bl_63733,0
64977625,bl_55473,294,bl_63733,0,bl_67722,0,bl_67883,0,bl_73273,0,bl_27589,13,bl_52598,0
70402595,bl_67883,0,bl_73273,0,bl_27589,7,bl_52598,0,bl_55473,0,bl_63733,0,bl_67722,0
53433862,bl_52598,0,bl_55473,0,bl_63733,0,bl_67722,0,bl_67883,0,bl_73273,0,bl_27589,0
120101313,bl_73273,0,bl_27589,0,bl_52598,0,bl_55473,0,bl_63733,0,bl_67722,0,bl_67883,0
67095201,bl_63733,0,bl_67722,0,bl_67883,0,bl_73273,0,bl_27589,0,bl_52598,0,bl_55473,0
77712955,bl_67883,0,bl_73273,0,bl_27589,0,bl_52598,0,bl_55473,2,bl_63733,0,bl_67722,0
175955340,bl_27589,11,bl_52598,0,bl_55473,0,bl_63733,0,bl_67722,0,bl_67883,0,bl_73273,0
107517162,bl_55473,0,bl_63733,0,bl_67722,0,bl_67883,0,bl_73273,0,bl_27589,0,bl_52598,0
118977607,bl_67883,0,bl_73273,0,bl_27589,0,bl_52598,0,bl_55473,3,bl_63733,0,bl_67722,0
124277569,bl_67722,0,bl_67883,0,bl_73273,0,bl_27589,8,bl_52598,0,bl_55473,0,bl_63733,0
110283826,bl_55473,1,bl_63733,0,bl_67722,0,bl_67883,0,bl_73273,0,bl_27589,0,bl_52598,0
126805289,bl_67722,0,bl_67883,0,bl_73273,0,bl_27589,0,bl_52598,0,bl_55473,2,bl_63733,0
60062803,bl_55473,0,bl_63733,0,bl_67722,0,bl_67883,0,bl_73273,0,bl_27589,0,bl_52598,0
81018105,bl_67883,1,bl_73273,0,bl_27589,0,bl_52598,0,bl_55473,1,bl_63733,0,bl_67722,0
93974195,bl_27589,1,bl_52598,0,bl_55473,2,bl_63733,0,bl_67722,0,bl_67883,0,bl_73273,0
117129661,bl_67883,0,bl_73273,0,bl_27589,2,bl_52598,0,bl_55473,1,bl_63733,0,bl_67722,0
118207940,bl_27589,0,bl_52598,0,bl_55473,0,bl_63733,0,bl_67722,0,bl_67883,0,bl_73273,0
122557391,bl_55473,2,bl_63733,0,bl_67722,0,bl_67883,0,bl_73273,0,bl_27589,0,bl_52598,0
166720260,bl_63733,0,bl_67722,0,bl_67883,0,bl_73273,0,bl_27589,0,bl_52598,0,bl_55473,0
70945318,bl_63733,0,bl_67722,0,bl_67883,0,bl_73273,0,bl_27589,0,bl_52598,0,bl_55473,0
112839052,bl_52598,0,bl_55473,0,bl_63733,0,bl_67722,0,bl_67883,0,bl_73273,0,bl_27589,0
70768543,bl_27589,0,bl_52598,0,bl_55473,0,bl_63733,0,bl_67722,0,bl_67883,0,bl_73273,0
93204710,bl_27589,3,bl_52598,0,bl_55473,0,bl_63733,0,bl_67722,0,bl_67883,0,bl_73273,0
117129683,bl_27589,16,bl_52598,0,bl_55473,1,bl_63733,0,bl_67722,0,bl_67883,0,bl_73273,0
84743582,bl_67883,0,bl_73273,0,bl_27589,0,bl_52598,0,bl_55473,0,bl_63733,0,bl_67722,0
118694396,bl_63733,0,bl_67722,0,bl_67883,0,bl_73273,0,bl_27589,4,bl_52598,0,bl_55473,0
118207887,bl_67722,0,bl_67883,0,bl_73273,0,bl_27589,50,bl_52598,0,bl_55473,0,bl_63733,0
106681165,bl_55473,24,bl_63733,0,bl_67722,0,bl_67883,0,bl_73273,0,bl_27589,0,bl_52598,0
63893197,bl_52598,0,bl_55473,0,bl_63733,0,bl_67722,0,bl_67883,0,bl_73273,0,bl_27589,0
111470281,bl_27589,0,bl_52598,0,bl_55473,0,bl_63733,0,bl_67722,0,bl_67883,0,bl_73273,0
52576583,bl_55473,0,bl_63733,38,bl_67722,0,bl_67883,0,bl_73273,0,bl_27589,154,bl_52598,0
184823219,bl_67722,0,bl_67883,0,bl_73273,0,bl_27589,5,bl_52598,0,bl_55473,0,bl_63733,0
56998592,bl_67722,0,bl_67883,0,bl_73273,0,bl_27589,0,bl_52598,0,bl_55473,0,bl_63733,0
111470358,bl_52598,0,bl_55473,0,bl_63733,0,bl_67722,0,bl_67883,0,bl_73273,0,bl_27589,32
119215878,bl_63733,0,bl_67722,0,bl_67883,0,bl_73273,0,bl_27589,16,bl_52598,0,bl_55473,0
63868324,bl_67883,0,bl_73273,0,bl_27589,0,bl_52598,0,bl_55473,12,bl_63733,0,bl_67722,0
117129670,bl_55473,0,bl_63733,0,bl_67722,0,bl_67883,0,bl_73273,0,bl_27589,1,bl_52598,0
66927144,bl_63733,0,bl_67722,0,bl_67883,0,bl_73273,0,bl_27589,0,bl_52598,0,bl_55473,0
111470337,bl_27589,1,bl_52598,0,bl_55473,0,bl_63733,0,bl_67722,0,bl_67883,0,bl_73273,0
98668419,bl_73273,0,bl_27589,0,bl_52598,0,bl_55473,0,bl_63733,0,bl_67722,0,bl_67883,0
70402577,bl_27589,0,bl_52598,0,bl_55473,0,bl_63733,0,bl_67722,0,bl_67883,0,bl_73273,0
119215910,bl_55473,1,bl_63733,0,bl_67722,0,bl_67883,0,bl_73273,0,bl_27589,77,bl_52598,0
124748668,bl_67883,0,bl_73273,0,bl_27589,0,bl_52598,0,bl_55473,0,bl_63733,0,bl_67722,0
95221397,bl_55473,0,bl_63733,0,bl_67722,0,bl_67883,0,bl_73273,0,bl_27589,0,bl_52598,0
65809973,bl_27589,21,bl_52598,0,bl_55473,0,bl_63733,0,bl_67722,0,bl_67883,0,bl_73273,0
88637811,bl_73273,0,bl_27589,4,bl_52598,0,bl_55473,0,bl_63733,0,bl_67722,0,bl_67883,0
184823213,bl_67722,0,bl_67883,0,bl_73273,0,bl_27589,0,bl_52598,0,bl_55473,0,bl_63733,0
73372390,bl_27589,0,bl_52598,0,bl_55473,0,bl_63733,0,bl_67722,0,bl_67883,0,bl_73273,0
117129713,bl_67722,0,bl_67883,0,bl_73273,0,bl_27589,9,bl_52598,0,bl_55473,0,bl_63733,0
63868345,bl_27589,210,bl_52598,0,bl_55473,98,bl_63733,370,bl_67722,0,bl_67883,3,bl_73273,0
89157833,bl_52598,0,bl_55473,0,bl_63733,0,bl_67722,0,bl_67883,0,bl_73273,0,bl_27589,0
77064948,bl_55473,2,bl_63733,0,bl_67722,0,bl_67883,0,bl_73273,0,bl_27589,0,bl_52598,0
67802455,bl_73273,0,bl_27589,0,bl_52598,0,bl_55473,0,bl_63733,0,bl_67722,0,bl_67883,0
84458354,bl_67722,0,bl_67883,0,bl_73273,0,bl_27589,0,bl_52598,0,bl_55473,2,bl_63733,0
64315795,bl_67722,0,bl_67883,0,bl_73273,0,bl_27589,0,bl_52598,0,bl_55473,0,bl_63733,0
112839027,bl_73273,0,bl_27589,0,bl_52598,0,bl_55473,0,bl_63733,0,bl_67722,0,bl_67883,0
165947745,bl_27589,0,bl_52598,0,bl_55473,0,bl_63733,0,bl_67722,0,bl_67883,0,bl_73273,0
81018109,bl_52598,0,bl_55473,0,bl_63733,0,bl_67722,0,bl_67883,0,bl_73273,0,bl_27589,5
112839036,bl_73273,0,bl_27589,2,bl_52598,0,bl_55473,0,bl_63733,0,bl_67722,0,bl_67883,0
73372377,bl_55473,0,bl_63733,0,bl_67722,0,bl_67883,0,bl_73273,0,bl_27589,0,bl_52598,0
66003276,bl_27589,11,bl_52598,0,bl_55473,0,bl_63733,0,bl_67722,0,bl_67883,0,bl_73273,0
118207793,bl_27589,7,bl_52598,0,bl_55473,0,bl_63733,0,bl_67722,0,bl_67883,0,bl_73273,0
81018180,bl_67722,0,bl_67883,0,bl_73273,0,bl_27589,0,bl_52598,0,bl_55473,1,bl_63733,0
66927117,bl_27589,22,bl_52598,0,bl_55473,57,bl_63733,0,bl_67722,0,bl_67883,0,bl_73273,0
166720224,bl_27589,0,bl_52598,0,bl_55473,0,bl_63733,0,bl_67722,0,bl_67883,0,bl_73273,0
73372304,bl_55473,0,bl_63733,0,bl_67722,0,bl_67883,0,bl_73273,0,bl_27589,0,bl_52598,0
64977657,bl_55473,0,bl_63733,0,bl_67722,0,bl_67883,0,bl_73273,0,bl_27589,16,bl_52598,0
124277288,bl_73273,0,bl_27589,30,bl_52598,0,bl_55473,0,bl_63733,0,bl_67722,0,bl_67883,0
108783621,bl_27589,9,bl_52598,0,bl_55473,1,bl_63733,0,bl_67722,0,bl_67883,0,bl_73273,0
56998570,bl_67722,0,bl_67883,0,bl_73273,0,bl_27589,0,bl_52598,0,bl_55473,0,bl_63733,0
77712923,bl_73273,0,bl_27589,0,bl_52598,0,bl_55473,3,bl_63733,0,bl_67722,0,bl_67883,0
89157823,bl_67722,0,bl_67883,0,bl_73273,0,bl_27589,23,bl_52598,0,bl_55473,0,bl_63733,0
107517060,bl_27589,1,bl_52598,0,bl_55473,0,bl_63733,0,bl_67722,0,bl_67883,0,bl_73273,0
166720251,bl_27589,1,bl_52598,0,bl_55473,0,bl_63733,0,bl_67722,0,bl_67883,0,bl_73273,0
73372456,bl_52598,0,bl_55473,1,bl_63733,0,bl_67722,0,bl_67883,0,bl_73273,0,bl_27589,1
81018110,bl_67722,0,bl_67883,0,bl_73273,0,bl_27589,0,bl_52598,0,bl_55473,0,bl_63733,0
63868308,bl_67883,0,bl_73273,0,bl_27589,26,bl_52598,0,bl_55473,12,bl_63733,0,bl_67722,0
111470470,bl_67722,0,bl_67883,0,bl_73273,0,bl_27589,0,bl_52598,0,bl_55473,0,bl_63733,0
94505698,bl_52598,0,bl_55473,0,bl_63733,0,bl_67722,0,bl_67883,0,bl_73273,0,bl_27589,2
90167237,bl_52598,0,bl_55473,1,bl_63733,0,bl_67722,0,bl_67883,5,bl_73273,0,bl_27589,34
131138138,bl_27589,8,bl_52598,0,bl_55473,0,bl_63733,0,bl_67722,0,bl_67883,0,bl_73273,0
131138308,bl_67722,0,bl_67883,0,bl_73273,0,bl_27589,0,bl_52598,0,bl_55473,0,bl_63733,0
61281940,bl_67722,0,bl_67883,0,bl_73273,0,bl_27589,0,bl_52598,0,bl_55473,0,bl_63733,0
94505700,bl_73273,0,bl_27589,2,bl_52598,0,bl_55473,2,bl_63733,0,bl_67722,0,bl_67883,0
111470371,bl_27589,7,bl_52598,0,bl_55473,0,bl_63733,0,bl_67722,0,bl_67883,1,bl_73273,0
56998579,bl_67883,0,bl_73273,0,bl_27589,0,bl_52598,0,bl_55473,0,bl_63733,0,bl_67722,0
131138182,bl_27589,0,bl_52598,0,bl_55473,1,bl_63733,0,bl_67722,0,bl_67883,1,bl_73273,0
165947790,bl_67883,0,bl_73273,0,bl_27589,38,bl_52598,0,bl_55473,0,bl_63733,0,bl_67722,0
149371970,bl_55473,1,bl_63733,0,bl_67722,0,bl_67883,0,bl_73273,0,bl_27589,9,bl_52598,0
56998590,bl_55473,1,bl_63733,0,bl_67722,0,bl_67883,0,bl_73273,0,bl_27589,4,bl_52598,0
81640533,bl_52598,0,bl_55473,0,bl_63733,0,bl_67722,0,bl_67883,0,bl_73273,0,bl_27589,0
118207779,bl_52598,0,bl_55473,0,bl_63733,0,bl_67722,0,bl_67883,0,bl_73273,0,bl_27589,0
175955402,bl_63733,0,bl_67722,0,bl_67883,0,bl_73273,0,bl_27589,0,bl_52598,0,bl_55473,0
166720280,bl_67722,0,bl_67883,0,bl_73273,0,bl_27589,0,bl_52598,0,bl_55473,0,bl_63733,0
110614368,bl_27589,3,bl_52598,0,bl_55473,1,bl_63733,0,bl_67722,0,bl_67883,0,bl_73273,0
93974194,bl_27589,44,bl_52598,0,bl_55473,0,bl_63733,0,bl_67722,0,bl_67883,0,bl_73273,0
117129699,bl_27589,25,bl_52598,0,bl_55473,0,bl_63733,0,bl_67722,0,bl_67883,0,bl_73273,0
77712948,bl_73273,0,bl_27589,144,bl_52598,0,bl_55473,0,bl_63733,0,bl_67722,0,bl_67883,0
149372072,bl_52598,0,bl_55473,9,bl_63733,0,bl_67722,0,bl_67883,0,bl_73273,0,bl_27589,1
114093323,bl_67722,0,bl_67883,0,bl_73273,0,bl_27589,1,bl_52598,0,bl_55473,0,bl_63733,0
128767101,bl_27589,0,bl_52598,0,bl_55473,0,bl_63733,0,bl_67722,0,bl_67883,0,bl_73273,0
144208684,bl_55473,2,bl_63733,0,bl_67722,0,bl_67883,0,bl_73273,0,bl_27589,0,bl_52598,0
73372206,bl_67883,0,bl_73273,0,bl_27589,0,bl_52598,0,bl_55473,0,bl_63733,0,bl_67722,0
117129686,bl_73273,0,bl_27589,20,bl_52598,0,bl_55473,0,bl_63733,0,bl_67722,0,bl_67883,0
165947774,bl_55473,0,bl_63733,0,bl_67722,0,bl_67883,0,bl_73273,0,bl_27589,0,bl_52598,0
81018108,bl_67722,0,bl_67883,0,bl_73273,0,bl_27589,0,bl_52598,0,bl_55473,0,bl_63733,0
117129675,bl_55473,0,bl_63733,0,bl_67722,0,bl_67883,0,bl_73273,0,bl_27589,0,bl_52598,0
118207866,bl_63733,0,bl_67722,0,bl_67883,0,bl_73273,0,bl_27589,1,bl_52598,0,bl_55473,0
73372323,bl_55473,0,bl_63733,0,bl_67722,0,bl_67883,0,bl_73273,0,bl_27589,2,bl_52598,0
98668420,bl_27589,0,bl_52598,0,bl_55473,0,bl_63733,0,bl_67722,0,bl_67883,0,bl_73273,0
66927224,bl_52598,0,bl_55473,1,bl_63733,0,bl_67722,0,bl_67883,0,bl_73273,0,bl_27589,13
66927105,bl_52598,0,bl_55473,0,bl_63733,0,bl_67722,0,bl_67883,0,bl_73273,0,bl_27589,15
63868210,bl_67722,0,bl_67883,0,bl_73273,0,bl_27589,4,bl_52598,0,bl_55473,0,bl_63733,0
70945323,bl_55473,0,bl_63733,0,bl_67722,0,bl_67883,0,bl_73273,0,bl_27589,0,bl_52598,0
149372208,bl_52598,0,bl_55473,1,bl_63733,0,bl_67722,0,bl_67883,0,bl_73273,0,bl_27589,6
184823253,bl_67722,0,bl_67883,0,bl_73273,0,bl_27589,3,bl_52598,0,bl_55473,0,bl_63733,0
56998583,bl_52598,0,bl_55473,6,bl_63733,0,bl_67722,0,bl_67883,1,bl_73273,0,bl_27589,0
96107455,bl_73273,0,bl_27589,0,bl_52598,0,bl_55473,0,bl_63733,0,bl_67722,0,bl_67883,0
66765248,bl_73273,0,bl_27589,0,bl_52598,0,bl_55473,0,bl_63733,0,bl_67722,0,bl_67883,0
106681168,bl_63733,0,bl_67722,0,bl_67883,0,bl_73273,0,bl_27589,0,bl_52598,0,bl_55473,0
102450055,bl_67883,0,bl_73273,0,bl_27589,0,bl_52598,0,bl_55473,0,bl_63733,0,bl_67722,0
117129672,bl_67722,0,bl_67883,0,bl_73273,0,bl_27589,5,bl_52598,0,bl_55473,1,bl_63733,0
95538020,bl_27589,0,bl_52598,0,bl_55473,0,bl_63733,0,bl_67722,0,bl_67883,0,bl_73273,0
86590248,bl_27589,0,bl_52598,0,bl_55473,0,bl_63733,0,bl_67722,0,bl_67883,0,bl_73273,0
95537994,bl_52598,0,bl_55473,0,bl_63733,0,bl_67722,0,bl_67883,0,bl_73273,0,bl_27589,0
84743479,bl_52598,0,bl_55473,0,bl_63733,0,bl_67722,0,bl_67883,0,bl_73273,0,bl_27589,0
86590251,bl_55473,25,bl_63733,0,bl_67722,0,bl_67883,0,bl_73273,0,bl_27589,0,bl_52598,0
56998587,bl_27589,5,bl_52598,0,bl_55473,0,bl_63733,0,bl_67722,0,bl_67883,0,bl_73273,0
131138297,bl_52598,0,bl_55473,0,bl_63733,0,bl_67722,0,bl_67883,0,bl_73273,0,bl_27589,4
81018144,bl_27589,0,bl_52598,0,bl_55473,11,bl_63733,0,bl_67722,0,bl_67883,0,bl_73273,0
81018159,bl_55473,0,bl_63733,0,bl_67722,0,bl_67883,0,bl_73273,0,bl_27589,1,bl_52598,0
81018104,bl_67722,0,bl_67883,0,bl_73273,0,bl_27589,1,bl_52598,0,bl_55473,0,bl_63733,0
84743501,bl_67722,0,bl_67883,0,bl_73273,0,bl_27589,0,bl_52598,0,bl_55473,22,bl_63733,0
63868169,bl_27589,6,bl_52598,0,bl_55473,0,bl_63733,0,bl_67722,0,bl_67883,0,bl_73273,0
73372294,bl_67722,0,bl_67883,0,bl_73273,0,bl_27589,0,bl_52598,0,bl_55473,3,bl_63733,0
93204715,bl_55473,0,bl_63733,0,bl_67722,0,bl_67883,0,bl_73273,0,bl_27589,0,bl_52598,0
165947733,bl_73273,0,bl_27589,0,bl_52598,0,bl_55473,1,bl_63733,0,bl_67722,0,bl_67883,0
108783754,bl_73273,0,bl_27589,164,bl_52598,0,bl_55473,0,bl_63733,0,bl_67722,0,bl_67883,0
117129690,bl_63733,0,bl_67722,0,bl_67883,0,bl_73273,0,bl_27589,9,bl_52598,0,bl_55473,0
118694386,bl_67722,0,bl_67883,0,bl_73273,0,bl_27589,34,bl_52598,0,bl_55473,0,bl_63733,0
107516915,bl_27589,0,bl_52598,0,bl_55473,0,bl_63733,0,bl_67722,0,bl_67883,0,bl_73273,0
149372011,bl_67722,0,bl_67883,0,bl_73273,0,bl_27589,9,bl_52598,0,bl_55473,1,bl_63733,0
122557387,bl_52598,0,bl_55473,3,bl_63733,0,bl_67722,0,bl_67883,0,bl_73273,0,bl_27589,0
124277409,bl_63733,0,bl_67722,0,bl_67883,0,bl_73273,0,bl_27589,5,bl_52598,0,bl_55473,0
66003214,bl_63733,0,bl_67722,0,bl_67883,0,bl_73273,0,bl_27589,0,bl_52598,0,bl_55473,0
120101312,bl_27589,0,bl_52598,0,bl_55473,0,bl_63733,0,bl_67722,0,bl_67883,0,bl_73273,0
124277609,bl_27589,7,bl_52598,0,bl_55473,0,bl_63733,0,bl_67722,0,bl_67883,0,bl_73273,0
122530574,bl_67883,0,bl_73273,0,bl_27589,7,bl_52598,0,bl_55473,0,bl_63733,0,bl_67722,0
94505695,bl_63733,0,bl_67722,0,bl_67883,0,bl_73273,0,bl_27589,0,bl_52598,0,bl_55473,7
114682550,bl_63733,0,bl_67722,0,bl_67883,0,bl_73273,0,bl_27589,1,bl_52598,0,bl_55473,0
114682540,bl_52598,0,bl_55473,0,bl_63733,0,bl_67722,0,bl_67883,0,bl_73273,0,bl_27589,1
103773869,bl_73273,0,bl_27589,8,bl_52598,0,bl_55473,37,bl_63733,0,bl_67722,0,bl_67883,1
91548516,bl_27589,2,bl_52598,0,bl_55473,0,bl_63733,0,bl_67722,0,bl_67883,0,bl_73273,0
94982067,bl_67722,0,bl_67883,0,bl_73273,0,bl_27589,22,bl_52598,0,bl_55473,18,bl_63733,0
118451562,bl_67883,0,bl_73273,0,bl_27589,0,bl_52598,0,bl_55473,0,bl_63733,0,bl_67722,0
120101311,bl_67883,0,bl_73273,0,bl_27589,1,bl_52598,0,bl_55473,6,bl_63733,0,bl_67722,0
66003273,bl_67883,0,bl_73273,0,bl_27589,0,bl_52598,0,bl_55473,26,bl_63733,0,bl_67722,0
76041755,bl_27589,0,bl_52598,0,bl_55473,13,bl_63733,0,bl_67722,0,bl_67883,0,bl_73273,0
175955426,bl_52598,0,bl_55473,0,bl_63733,0,bl_67722,0,bl_67883,0,bl_73273,0,bl_27589,0
70768555,bl_55473,0,bl_63733,0,bl_67722,0,bl_67883,0,bl_73273,0,bl_27589,0,bl_52598,0
203029232,bl_55473,0,bl_63733,-3,bl_67722,0,bl_67883,0,bl_73273,0,bl_27589,0,bl_52598,0
63893166,bl_73273,0,bl_27589,0,bl_52598,0,bl_55473,0,bl_63733,0,bl_67722,0,bl_67883,0
66543695,bl_55473,56,bl_63733,0,bl_67722,0,bl_67883,0,bl_73273,0,bl_27589,0,bl_52598,0
73372369,bl_52598,0,bl_55473,0,bl_63733,0,bl_67722,0,bl_67883,0,bl_73273,0,bl_27589,0
114093315,bl_67722,0,bl_67883,0,bl_73273,0,bl_27589,0,bl_52598,0,bl_55473,0,bl_63733,0
110283798,bl_27589,0,bl_52598,0,bl_55473,6,bl_63733,0,bl_67722,0,bl_67883,0,bl_73273,0
53433874,bl_27589,42,bl_52598,0,bl_55473,0,bl_63733,0,bl_67722,0,bl_67883,0,bl_73273,0
95221422,bl_63733,0,bl_67722,0,bl_67883,0,bl_73273,0,bl_27589,0,bl_52598,0,bl_55473,0
81640526,bl_52598,0,bl_55473,0,bl_63733,0,bl_67722,0,bl_67883,0,bl_73273,0,bl_27589,0
114093324,bl_27589,31,bl_52598,0,bl_55473,1,bl_63733,0,bl_67722,0,bl_67883,0,bl_73273,0
165947616,bl_55473,0,bl_63733,0,bl_67722,0,bl_67883,0,bl_73273,0,bl_27589,1,bl_52598,0
144208709,bl_67722,0,bl_67883,0,bl_73273,0,bl_27589,0,bl_52598,0,bl_55473,299,bl_63733,0
172592068,bl_27589,5,bl_52598,0,bl_55473,0,bl_63733,0,bl_67722,0,bl_67883,0,bl_73273,0
74046350,bl_67883,0,bl_73273,0,bl_27589,0,bl_52598,0,bl_55473,0,bl_63733,0,bl_67722,0
63893168,bl_73273,0,bl_27589,0,bl_52598,0,bl_55473,0,bl_63733,0,bl_67722,0,bl_67883,0
81018101,bl_52598,0,bl_55473,0,bl_63733,0,bl_67722,0,bl_67883,0,bl_73273,0,bl_27589,0
117129708,bl_27589,0,bl_52598,0,bl_55473,0,bl_63733,0,bl_67722,0,bl_67883,0,bl_73273,0
77712930,bl_63733,0,bl_67722,0,bl_67883,0,bl_73273,0,bl_27589,2,bl_52598,0,bl_55473,6
64977666,bl_27589,0,bl_52598,0,bl_55473,0,bl_63733,0,bl_67722,0,bl_67883,0,bl_73273,0
81018174,bl_55473,3,bl_63733,0,bl_67722,0,bl_67883,0,bl_73273,0,bl_27589,5,bl_52598,0
131138160,bl_67722,0,bl_67883,0,bl_73273,0,bl_27589,0,bl_52598,0,bl_55473,10,bl_63733,0
108783687,bl_55473,0,bl_63733,0,bl_67722,0,bl_67883,0,bl_73273,0,bl_27589,0,bl_52598,0
144208733,bl_52598,0,bl_55473,100,bl_63733,0,bl_67722,0,bl_67883,0,bl_73273,0,bl_27589,20
114093327,bl_27589,2,bl_52598,0,bl_55473,0,bl_63733,0,bl_67722,0,bl_67883,0,bl_73273,0
63868314,bl_55473,1,bl_63733,0,bl_67722,0,bl_67883,0,bl_73273,0,bl_27589,0,bl_52598,0
184823227,bl_67883,0,bl_73273,0,bl_27589,1,bl_52598,0,bl_55473,0,bl_63733,0,bl_67722,0
61319141,bl_27589,1,bl_52598,0,bl_55473,0,bl_63733,0,bl_67722,0,bl_67883,0,bl_73273,0
73372162,bl_27589,0,bl_52598,0,bl_55473,0,bl_63733,0,bl_67722,0,bl_67883,0,bl_73273,0
